nome_arquivo,temperatura,motor_position,feed_rate,flow_rate
imagens_stream/image_2024-03-08_19-33-42-776.jpg,T:200.09 /200.00 B:50.00 /50.00 @:56 B@:14,,echo:E0 Flow: 100%,FR:100%
imagens_stream/image_2024-03-08_19-33-43-287.jpg,T:200.02 /200.00 B:50.01 /50.00 @:56 B@:13,,echo:E0 Flow: 100%,FR:100%
imagens_stream/image_2024-03-08_19-33-43-817.jpg,T:200.02 /200.00 B:50.01 /50.00 @:56 B@:13,,echo:E0 Flow: 100%,FR:100%
imagens_stream/image_2024-03-08_19-33-44-357.jpg,T:200.02 /200.00 B:50.02 /50.00 @:56 B@:12,,echo:E0 Flow: 100%,FR:100%
imagens_stream/image_2024-03-08_19-33-44-858.jpg,T:200.02 /200.00 B:50.02 /50.00 @:56 B@:12,,echo:E0 Flow: 100%,FR:100%
imagens_stream/image_2024-03-08_19-33-45-398.jpg,T:200.02 /200.00 B:50.01 /50.00 @:56 B@:13,,echo:E0 Flow: 100%,FR:100%
imagens_stream/image_2024-03-08_19-33-45-901.jpg,T:200.02 /200.00 B:50.01 /50.00 @:56 B@:13,,echo:E0 Flow: 100%,FR:100%
imagens_stream/image_2024-03-08_19-33-46-439.jpg,T:200.03 /200.00 B:50.00 /50.00 @:56 B@:13,,echo:E0 Flow: 100%,FR:100%
imagens_stream/image_2024-03-08_19-33-46-941.jpg,T:200.03 /200.00 B:50.00 /50.00 @:56 B@:13,,echo:E0 Flow: 100%,FR:100%
imagens_stream/image_2024-03-08_19-33-47-484.jpg,T:200.01 /200.00 B:50.01 /50.00 @:56 B@:13,,echo:E0 Flow: 100%,FR:100%
imagens_stream/image_2024-03-08_19-33-48-022.jpg,T:200.02 /200.00 B:49.98 /50.00 @:56 B@:16,,echo:E0 Flow: 100%,FR:100%
imagens_stream/image_2024-03-08_19-33-48-528.jpg,T:200.02 /200.00 B:49.98 /50.00 @:56 B@:16,,echo:E0 Flow: 100%,FR:100%
imagens_stream/image_2024-03-08_19-33-49-063.jpg,T:200.01 /200.00 B:50.00 /50.00 @:56 B@:14,,echo:E0 Flow: 100%,FR:100%
imagens_stream/image_2024-03-08_19-33-49-564.jpg,T:200.01 /200.00 B:50.00 /50.00 @:56 B@:14,,echo:E0 Flow: 100%,FR:100%
imagens_stream/image_2024-03-08_19-33-50-107.jpg,T:200.03 /200.00 B:50.00 /50.00 @:55 B@:13,,echo:E0 Flow: 100%,FR:100%
imagens_stream/image_2024-03-08_19-33-50-647.jpg,T:200.03 /200.00 B:50.00 /50.00 @:55 B@:13,,echo:E0 Flow: 100%,FR:100%
imagens_stream/image_2024-03-08_19-33-51-148.jpg,T:200.09 /200.00 B:50.00 /50.00 @:55 B@:13,,echo:E0 Flow: 100%,FR:100%
imagens_stream/image_2024-03-08_19-33-51-693.jpg,T:200.09 /200.00 B:50.00 /50.00 @:55 B@:13,,echo:E0 Flow: 100%,FR:100%
imagens_stream/image_2024-03-08_19-33-52-230.jpg,T:200.05 /200.00 B:50.01 /50.00 @:55 B@:13,,echo:E0 Flow: 100%,FR:100%
imagens_stream/image_2024-03-08_19-33-52-770.jpg,T:200.05 /200.00 B:50.01 /50.00 @:55 B@:13,,echo:E0 Flow: 100%,FR:100%
imagens_stream/image_2024-03-08_19-33-53-275.jpg,T:200.10 /200.00 B:50.02 /50.00 @:54 B@:11,,echo:E0 Flow: 100%,FR:100%
imagens_stream/image_2024-03-08_19-33-53-811.jpg,T:200.10 /200.00 B:50.02 /50.00 @:54 B@:11,,echo:E0 Flow: 100%,FR:100%
imagens_stream/image_2024-03-08_19-33-54-313.jpg,T:200.13 /200.00 B:50.00 /50.00 @:54 B@:13,,echo:E0 Flow: 100%,FR:100%
imagens_stream/image_2024-03-08_19-33-54-814.jpg,T:200.13 /200.00 B:50.00 /50.00 @:54 B@:13,,echo:E0 Flow: 100%,FR:100%
imagens_stream/image_2024-03-08_19-33-55-361.jpg,T:200.14 /200.00 B:50.00 /50.00 @:54 B@:14,,echo:E0 Flow: 100%,FR:100%
imagens_stream/image_2024-03-08_19-33-55-895.jpg,T:200.14 /200.00 B:50.00 /50.00 @:54 B@:14,,echo:E0 Flow: 100%,FR:100%
imagens_stream/image_2024-03-08_19-33-56-435.jpg,T:200.13 /200.00 B:50.04 /50.00 @:54 B@:9,,echo:E0 Flow: 100%,FR:100%
imagens_stream/image_2024-03-08_19-33-56-937.jpg,T:200.11 /200.00 B:49.99 /50.00 @:55 B@:15 W:?,,echo:E0 Flow: 100%,FR:100%
imagens_stream/image_2024-03-08_19-33-57-478.jpg,T:200.07 /200.00 B:50.01 /50.00 @:55 B@:13,,echo:E0 Flow: 100%,FR:100%
imagens_stream/image_2024-03-08_19-33-58-020.jpg,T:200.07 /200.00 B:49.98 /50.00 @:55 B@:15,,echo:E0 Flow: 100%,FR:100%
imagens_stream/image_2024-03-08_19-33-58-560.jpg,T:200.07 /200.00 B:49.98 /50.00 @:55 B@:15,,echo:E0 Flow: 100%,FR:100%
imagens_stream/image_2024-03-08_19-33-59-061.jpg,T:200.02 /200.00 B:50.00 /50.00 @:56 B@:14,,echo:E0 Flow: 100%,FR:100%
imagens_stream/image_2024-03-08_19-33-59-601.jpg,T:200.02 /200.00 B:50.00 /50.00 @:56 B@:14,,echo:E0 Flow: 100%,FR:100%
imagens_stream/image_2024-03-08_19-34-00-103.jpg,T:200.00 /200.00 B:50.00 /50.00 @:56 B@:13,,echo:E0 Flow: 100%,FR:100%
imagens_stream/image_2024-03-08_19-34-00-643.jpg,T:200.00 /200.00 B:50.00 /50.00 @:56 B@:13,,echo:E0 Flow: 100%,FR:100%
imagens_stream/image_2024-03-08_19-34-01-184.jpg,T:200.00 /200.00 B:50.01 /50.00 @:56 B@:12,,echo:E0 Flow: 100%,FR:100%
imagens_stream/image_2024-03-08_19-34-01-695.jpg,T:199.99 /200.00 B:50.01 /50.00 @:56 B@:12 W:8,,echo:E0 Flow: 100%,FR:100%
imagens_stream/image_2024-03-08_19-34-02-225.jpg,T:199.99 /200.00 B:50.01 /50.00 @:56 B@:12,,echo:E0 Flow: 100%,FR:100%
imagens_stream/image_2024-03-08_19-34-02-735.jpg,T:199.94 /200.00 B:50.00 /50.00 @:56 B@:14 W:7,,echo:E0 Flow: 100%,FR:100%
imagens_stream/image_2024-03-08_19-34-03-266.jpg,T:199.97 /200.00 B:50.01 /50.00 @:56 B@:12,,echo:E0 Flow: 100%,FR:100%
imagens_stream/image_2024-03-08_19-34-03-768.jpg,T:199.94 /200.00 B:50.02 /50.00 @:56 B@:12 W:6,,echo:E0 Flow: 100%,FR:100%
imagens_stream/image_2024-03-08_19-34-04-271.jpg,T:199.92 /200.00 B:50.00 /50.00 @:56 B@:14,,echo:E0 Flow: 100%,FR:100%
imagens_stream/image_2024-03-08_19-34-04-811.jpg,T:199.91 /200.00 B:50.01 /50.00 @:56 B@:13 W:5,,echo:E0 Flow: 100%,FR:100%
imagens_stream/image_2024-03-08_19-34-05-351.jpg,T:199.90 /200.00 B:50.01 /50.00 @:56 B@:12,,echo:E0 Flow: 100%,FR:100%
imagens_stream/image_2024-03-08_19-34-05-857.jpg,T:199.92 /200.00 B:50.01 /50.00 @:56 B@:12 W:4,,echo:E0 Flow: 100%,FR:100%
imagens_stream/image_2024-03-08_19-34-06-390.jpg,T:199.93 /200.00 B:49.99 /50.00 @:56 B@:15,,echo:E0 Flow: 100%,FR:100%
imagens_stream/image_2024-03-08_19-34-06-893.jpg,T:199.91 /200.00 B:49.99 /50.00 @:56 B@:15 W:3,,echo:E0 Flow: 100%,FR:100%
imagens_stream/image_2024-03-08_19-34-07-432.jpg,T:199.93 /200.00 B:49.99 /50.00 @:56 B@:14,,echo:E0 Flow: 100%,FR:100%
imagens_stream/image_2024-03-08_19-34-07-933.jpg,T:199.93 /200.00 B:50.00 /50.00 @:56 B@:14 W:2,,echo:E0 Flow: 100%,FR:100%
imagens_stream/image_2024-03-08_19-34-08-473.jpg,T:199.91 /200.00 B:50.00 /50.00 @:56 B@:14,,echo:E0 Flow: 100%,FR:100%
imagens_stream/image_2024-03-08_19-34-08-976.jpg,T:199.91 /200.00 B:50.00 /50.00 @:56 B@:14 W:1,,echo:E0 Flow: 100%,FR:100%
imagens_stream/image_2024-03-08_19-34-09-520.jpg,T:199.91 /200.00 B:50.00 /50.00 @:56 B@:14,,echo:E0 Flow: 100%,FR:100%
imagens_stream/image_2024-03-08_19-34-10-056.jpg,T:199.94 /200.00 B:49.99 /50.00 @:56 B@:15,,echo:E0 Flow: 100%,FR:100%
imagens_stream/image_2024-03-08_19-34-10-597.jpg,T:199.94 /200.00 B:49.99 /50.00 @:56 B@:15,,echo:E0 Flow: 100%,FR:100%
imagens_stream/image_2024-03-08_19-34-11-138.jpg,T:199.95 /200.00 B:50.00 /50.00 @:56 B@:14,,echo:E0 Flow: 100%,FR:100%
imagens_stream/image_2024-03-08_19-34-11-643.jpg,T:199.95 /200.00 B:50.00 /50.00 @:56 B@:14,,echo:E0 Flow: 100%,FR:100%
imagens_stream/image_2024-03-08_19-34-12-181.jpg,T:200.00 /200.00 B:50.01 /50.00 @:55 B@:13,,echo:E0 Flow: 100%,FR:100%
imagens_stream/image_2024-03-08_19-34-12-683.jpg,T:200.00 /200.00 B:50.01 /50.00 @:55 B@:13,,echo:E0 Flow: 100%,FR:100%
imagens_stream/image_2024-03-08_19-34-13-222.jpg,T:200.00 /200.00 B:50.00 /50.00 @:55 B@:14,,echo:E0 Flow: 100%,FR:100%
imagens_stream/image_2024-03-08_19-34-13-723.jpg,T:200.00 /200.00 B:50.00 /50.00 @:55 B@:14,,echo:E0 Flow: 100%,FR:100%
imagens_stream/image_2024-03-08_19-34-14-225.jpg,T:200.00 /200.00 B:50.01 /50.00 @:55 B@:12,,echo:E0 Flow: 100%,FR:100%
imagens_stream/image_2024-03-08_19-34-14-762.jpg,T:200.00 /200.00 B:50.01 /50.00 @:55 B@:12,,echo:E0 Flow: 100%,FR:100%
imagens_stream/image_2024-03-08_19-34-15-304.jpg,T:200.01 /200.00 B:50.00 /50.00 @:55 B@:13,,echo:E0 Flow: 100%,FR:100%
imagens_stream/image_2024-03-08_19-34-15-804.jpg,T:200.01 /200.00 B:50.00 /50.00 @:55 B@:13,,echo:E0 Flow: 100%,FR:100%
imagens_stream/image_2024-03-08_19-34-16-344.jpg,T:200.00 /200.00 B:50.00 /50.00 @:55 B@:13,,echo:E0 Flow: 100%,FR:100%
imagens_stream/image_2024-03-08_19-34-16-888.jpg,T:200.00 /200.00 B:50.00 /50.00 @:55 B@:13,,echo:E0 Flow: 100%,FR:100%
imagens_stream/image_2024-03-08_19-34-17-429.jpg,T:200.01 /200.00 B:50.00 /50.00 @:55 B@:13,,echo:E0 Flow: 100%,FR:100%
imagens_stream/image_2024-03-08_19-34-17-970.jpg,T:200.01 /200.00 B:50.00 /50.00 @:55 B@:13,,echo:E0 Flow: 100%,FR:100%
imagens_stream/image_2024-03-08_19-34-18-511.jpg,T:200.00 /200.00 B:49.99 /50.00 @:55 B@:15,,echo:E0 Flow: 100%,FR:100%
imagens_stream/image_2024-03-08_19-34-19-011.jpg,T:199.98 /200.00 B:49.98 /50.00 @:56 B@:15,,echo:E0 Flow: 100%,FR:100%
imagens_stream/image_2024-03-08_19-34-19-552.jpg,T:199.98 /200.00 B:49.98 /50.00 @:56 B@:15,,echo:E0 Flow: 100%,FR:100%
imagens_stream/image_2024-03-08_19-34-20-093.jpg,T:199.98 /200.00 B:50.00 /50.00 @:56 B@:13,,echo:E0 Flow: 100%,FR:100%
imagens_stream/image_2024-03-08_19-34-20-594.jpg,T:199.98 /200.00 B:50.00 /50.00 @:56 B@:13,,echo:E0 Flow: 100%,FR:100%
imagens_stream/image_2024-03-08_19-34-21-094.jpg,T:199.95 /200.00 B:49.99 /50.00 @:56 B@:14,,echo:E0 Flow: 100%,FR:100%
imagens_stream/image_2024-03-08_19-34-21-594.jpg,T:199.95 /200.00 B:49.99 /50.00 @:56 B@:14,,echo:E0 Flow: 100%,FR:100%
imagens_stream/image_2024-03-08_19-34-22-095.jpg,T:199.91 /200.00 B:49.99 /50.00 @:56 B@:14,,echo:E0 Flow: 100%,FR:100%
imagens_stream/image_2024-03-08_19-34-22-606.jpg,T:199.91 /200.00 B:49.99 /50.00 @:56 B@:14,,echo:E0 Flow: 100%,FR:100%
imagens_stream/image_2024-03-08_19-34-23-107.jpg,T:199.89 /200.00 B:49.98 /50.00 @:56 B@:15,,echo:E0 Flow: 100%,FR:100%
imagens_stream/image_2024-03-08_19-34-23-636.jpg,T:199.89 /200.00 B:49.98 /50.00 @:56 B@:15,,echo:E0 Flow: 100%,FR:100%
imagens_stream/image_2024-03-08_19-34-24-175.jpg,T:199.89 /200.00 B:49.98 /50.00 @:56 B@:15,,echo:E0 Flow: 100%,FR:100%
imagens_stream/image_2024-03-08_19-34-24-676.jpg,T:199.89 /200.00 B:49.98 /50.00 @:56 B@:15,,echo:E0 Flow: 100%,FR:100%
imagens_stream/image_2024-03-08_19-34-25-218.jpg,T:199.88 /200.00 B:49.97 /50.00 @:56 B@:17,,echo:E0 Flow: 100%,FR:100%
imagens_stream/image_2024-03-08_19-34-25-758.jpg,T:199.88 /200.00 B:49.97 /50.00 @:56 B@:17,,echo:E0 Flow: 100%,FR:100%
imagens_stream/image_2024-03-08_19-34-26-259.jpg,T:199.89 /200.00 B:49.98 /50.00 @:56 B@:15,,echo:E0 Flow: 100%,FR:100%
imagens_stream/image_2024-03-08_19-34-26-800.jpg,T:199.89 /200.00 B:49.98 /50.00 @:56 B@:15,,echo:E0 Flow: 100%,FR:100%
imagens_stream/image_2024-03-08_19-34-27-301.jpg,T:199.85 /200.00 B:50.00 /50.00 @:57 B@:13,,echo:E0 Flow: 100%,FR:100%
imagens_stream/image_2024-03-08_19-34-27-804.jpg,T:199.85 /200.00 B:50.00 /50.00 @:57 B@:13,,echo:E0 Flow: 100%,FR:100%
imagens_stream/image_2024-03-08_19-34-28-341.jpg,T:199.87 /200.00 B:49.98 /50.00 @:56 B@:16,,echo:E0 Flow: 100%,FR:100%
imagens_stream/image_2024-03-08_19-34-28-888.jpg,T:199.87 /200.00 B:49.98 /50.00 @:56 B@:16,,echo:E0 Flow: 100%,FR:100%
imagens_stream/image_2024-03-08_19-34-29-389.jpg,T:199.84 /200.00 B:49.98 /50.00 @:57 B@:17,,echo:E0 Flow: 100%,FR:100%
imagens_stream/image_2024-03-08_19-34-29-923.jpg,T:199.84 /200.00 B:49.98 /50.00 @:57 B@:17,,echo:E0 Flow: 100%,FR:100%
imagens_stream/image_2024-03-08_19-34-30-465.jpg,T:199.79 /200.00 B:49.99 /50.00 @:57 B@:15,,echo:E0 Flow: 100%,FR:100%
imagens_stream/image_2024-03-08_19-34-30-965.jpg,T:199.79 /200.00 B:49.99 /50.00 @:57 B@:15,,echo:E0 Flow: 100%,FR:100%
imagens_stream/image_2024-03-08_19-34-31-505.jpg,T:199.80 /200.00 B:49.99 /50.00 @:57 B@:15,,echo:E0 Flow: 100%,FR:100%
imagens_stream/image_2024-03-08_19-34-32-092.jpg,T:199.84 /200.00 B:49.98 /50.00 @:57 B@:17,X:-18.00 Y:-2.00 Z:0.00 E:0.00 Count X:-1440 Y:-160 Z:0,echo:E0 Flow: 100%,FR:100%
imagens_stream/image_2024-03-08_19-34-32-630.jpg,T:199.84 /200.00 B:49.98 /50.00 @:57 B@:17,X:-18.00 Y:-2.00 Z:0.00 E:0.00 Count X:-1440 Y:-160 Z:0,echo:E0 Flow: 100%,FR:100%
imagens_stream/image_2024-03-08_19-34-33-132.jpg,T:199.84 /200.00 B:49.99 /50.00 @:57 B@:16,X:-18.00 Y:-2.00 Z:0.00 E:0.00 Count X:-1440 Y:-160 Z:0,echo:E0 Flow: 100%,FR:100%
imagens_stream/image_2024-03-08_19-34-33-671.jpg,T:199.84 /200.00 B:49.99 /50.00 @:57 B@:16,X:-18.00 Y:-2.00 Z:0.00 E:0.00 Count X:-1440 Y:-160 Z:0,echo:E0 Flow: 100%,FR:100%
imagens_stream/image_2024-03-08_19-34-34-172.jpg,T:199.89 /200.00 B:49.98 /50.00 @:56 B@:17,X:-18.00 Y:-2.00 Z:0.00 E:0.00 Count X:-1440 Y:-160 Z:0,echo:E0 Flow: 100%,FR:100%
imagens_stream/image_2024-03-08_19-34-34-712.jpg,T:199.89 /200.00 B:49.98 /50.00 @:56 B@:17,X:-18.00 Y:-2.00 Z:0.00 E:0.00 Count X:-1440 Y:-160 Z:0,echo:E0 Flow: 100%,FR:100%
imagens_stream/image_2024-03-08_19-34-35-215.jpg,T:199.89 /200.00 B:49.98 /50.00 @:56 B@:17,X:-18.00 Y:-2.00 Z:0.00 E:0.00 Count X:-1440 Y:-160 Z:0,echo:E0 Flow: 100%,FR:100%
imagens_stream/image_2024-03-08_19-34-35-755.jpg,T:199.89 /200.00 B:49.98 /50.00 @:56 B@:17,X:-18.00 Y:-2.00 Z:0.00 E:0.00 Count X:-1440 Y:-160 Z:0,echo:E0 Flow: 100%,FR:100%
imagens_stream/image_2024-03-08_19-34-36-256.jpg,T:199.89 /200.00 B:50.00 /50.00 @:56 B@:15,X:10.40 Y:20.00 Z:2.00 E:0.00 Count X:832 Y:6794 Z:112,echo:E0 Flow: 100%,FR:100%
imagens_stream/image_2024-03-08_19-34-36-797.jpg,T:199.89 /200.00 B:50.00 /50.00 @:56 B@:15,X:10.40 Y:20.00 Z:2.00 E:0.00 Count X:832 Y:6794 Z:112,echo:E0 Flow: 100%,FR:100%
imagens_stream/image_2024-03-08_19-34-37-297.jpg,T:199.90 /200.00 B:50.00 /50.00 @:56 B@:16,X:10.40 Y:20.00 Z:2.00 E:0.00 Count X:832 Y:6794 Z:112,echo:E0 Flow: 100%,FR:100%
imagens_stream/image_2024-03-08_19-34-37-799.jpg,T:199.90 /200.00 B:50.00 /50.00 @:56 B@:16,X:10.40 Y:20.00 Z:2.00 E:0.00 Count X:832 Y:6794 Z:112,echo:E0 Flow: 100%,FR:100%
imagens_stream/image_2024-03-08_19-34-38-337.jpg,T:199.90 /200.00 B:50.00 /50.00 @:56 B@:16,X:10.40 Y:20.00 Z:2.00 E:0.00 Count X:832 Y:6794 Z:112,echo:E0 Flow: 100%,FR:100%
imagens_stream/image_2024-03-08_19-34-38-841.jpg,T:199.90 /200.00 B:50.00 /50.00 @:56 B@:16,X:10.40 Y:20.00 Z:2.00 E:0.00 Count X:832 Y:6794 Z:112,echo:E0 Flow: 100%,FR:100%
imagens_stream/image_2024-03-08_19-34-39-379.jpg,T:199.89 /200.00 B:49.99 /50.00 @:57 B@:16,X:10.40 Y:20.00 Z:2.00 E:0.00 Count X:832 Y:6794 Z:112,echo:E0 Flow: 100%,FR:100%
imagens_stream/image_2024-03-08_19-34-39-923.jpg,T:199.89 /200.00 B:49.99 /50.00 @:57 B@:16,X:10.40 Y:20.00 Z:2.00 E:0.00 Count X:832 Y:6794 Z:112,echo:E0 Flow: 100%,FR:100%
imagens_stream/image_2024-03-08_19-34-40-460.jpg,T:199.89 /200.00 B:50.01 /50.00 @:57 B@:15,X:10.40 Y:20.00 Z:2.00 E:0.00 Count X:832 Y:6794 Z:112,echo:E0 Flow: 100%,FR:100%
imagens_stream/image_2024-03-08_19-34-40-962.jpg,T:199.89 /200.00 B:50.01 /50.00 @:57 B@:15,X:10.40 Y:20.00 Z:2.00 E:0.00 Count X:832 Y:6794 Z:112,echo:E0 Flow: 100%,FR:100%
imagens_stream/image_2024-03-08_19-34-41-503.jpg,T:199.88 /200.00 B:50.00 /50.00 @:57 B@:16,X:10.40 Y:20.00 Z:2.00 E:0.00 Count X:832 Y:6794 Z:112,echo:E0 Flow: 100%,FR:100%
imagens_stream/image_2024-03-08_19-34-42-043.jpg,T:199.79 /200.00 B:50.00 /50.00 @:58 B@:15,X:10.40 Y:20.00 Z:2.00 E:0.00 Count X:832 Y:6794 Z:112,echo:E0 Flow: 100%,FR:100%
imagens_stream/image_2024-03-08_19-34-42-543.jpg,T:199.79 /200.00 B:50.00 /50.00 @:58 B@:15,X:10.40 Y:20.00 Z:2.00 E:0.00 Count X:832 Y:6794 Z:112,echo:E0 Flow: 100%,FR:100%
imagens_stream/image_2024-03-08_19-34-43-044.jpg,T:199.77 /200.00 B:50.00 /50.00 @:58 B@:15,X:10.40 Y:20.00 Z:2.00 E:0.00 Count X:832 Y:6794 Z:112,echo:E0 Flow: 100%,FR:100%
imagens_stream/image_2024-03-08_19-34-43-555.jpg,T:199.77 /200.00 B:50.00 /50.00 @:58 B@:15,X:10.40 Y:20.00 Z:2.00 E:0.00 Count X:832 Y:6794 Z:112,echo:E0 Flow: 100%,FR:100%
imagens_stream/image_2024-03-08_19-34-44-086.jpg,T:199.75 /200.00 B:50.00 /50.00 @:58 B@:16,X:10.40 Y:20.00 Z:2.00 E:0.00 Count X:832 Y:6794 Z:112,echo:E0 Flow: 100%,FR:100%
imagens_stream/image_2024-03-08_19-34-44-624.jpg,T:199.75 /200.00 B:50.00 /50.00 @:58 B@:16,X:10.40 Y:20.00 Z:2.00 E:0.00 Count X:832 Y:6794 Z:112,echo:E0 Flow: 100%,FR:100%
imagens_stream/image_2024-03-08_19-34-45-126.jpg,T:199.71 /200.00 B:50.01 /50.00 @:59 B@:15,X:10.40 Y:20.00 Z:2.00 E:0.00 Count X:832 Y:6794 Z:112,echo:E0 Flow: 100%,FR:100%
imagens_stream/image_2024-03-08_19-34-45-667.jpg,T:199.71 /200.00 B:50.01 /50.00 @:59 B@:15,X:10.40 Y:20.00 Z:2.00 E:0.00 Count X:832 Y:6794 Z:112,echo:E0 Flow: 100%,FR:100%
imagens_stream/image_2024-03-08_19-34-46-219.jpg,T:199.67 /200.00 B:50.01 /50.00 @:59 B@:15,X:10.40 Y:20.00 Z:2.00 E:0.00 Count X:832 Y:6794 Z:112,echo:E0 Flow: 100%,FR:100%
imagens_stream/image_2024-03-08_19-34-46-749.jpg,T:199.67 /200.00 B:50.01 /50.00 @:59 B@:15,X:10.40 Y:20.00 Z:2.00 E:0.00 Count X:832 Y:6794 Z:112,echo:E0 Flow: 100%,FR:100%
imagens_stream/image_2024-03-08_19-34-47-267.jpg,T:199.69 /200.00 B:50.00 /50.00 @:58 B@:16,X:10.40 Y:20.00 Z:2.00 E:0.00 Count X:832 Y:6794 Z:112,echo:E0 Flow: 100%,FR:100%
imagens_stream/image_2024-03-08_19-34-47-792.jpg,T:199.69 /200.00 B:50.00 /50.00 @:58 B@:16,X:10.40 Y:20.00 Z:2.00 E:0.00 Count X:832 Y:6794 Z:112,echo:E0 Flow: 100%,FR:100%
imagens_stream/image_2024-03-08_19-34-48-294.jpg,T:199.70 /200.00 B:50.00 /50.00 @:58 B@:16,X:10.40 Y:20.00 Z:2.00 E:0.00 Count X:832 Y:6794 Z:112,echo:E0 Flow: 100%,FR:100%
imagens_stream/image_2024-03-08_19-34-48-833.jpg,T:199.70 /200.00 B:50.00 /50.00 @:58 B@:16,X:10.40 Y:20.00 Z:2.00 E:0.00 Count X:832 Y:6794 Z:112,echo:E0 Flow: 100%,FR:100%
imagens_stream/image_2024-03-08_19-34-49-333.jpg,T:199.74 /200.00 B:50.00 /50.00 @:58 B@:16,X:10.40 Y:20.00 Z:2.00 E:0.00 Count X:832 Y:6794 Z:112,echo:E0 Flow: 100%,FR:100%
imagens_stream/image_2024-03-08_19-34-49-872.jpg,T:199.74 /200.00 B:50.00 /50.00 @:58 B@:16,X:10.40 Y:20.00 Z:2.00 E:0.00 Count X:832 Y:6794 Z:112,echo:E0 Flow: 100%,FR:100%
imagens_stream/image_2024-03-08_19-34-50-373.jpg,T:199.74 /200.00 B:49.99 /50.00 @:58 B@:17,X:10.40 Y:20.00 Z:2.00 E:0.00 Count X:832 Y:6794 Z:112,echo:E0 Flow: 100%,FR:100%
imagens_stream/image_2024-03-08_19-34-50-914.jpg,T:199.74 /200.00 B:49.99 /50.00 @:58 B@:17,X:10.40 Y:20.00 Z:2.00 E:0.00 Count X:832 Y:6794 Z:112,echo:E0 Flow: 100%,FR:100%
imagens_stream/image_2024-03-08_19-34-51-415.jpg,T:199.77 /200.00 B:49.98 /50.00 @:58 B@:19,X:10.40 Y:20.00 Z:2.00 E:0.00 Count X:832 Y:6794 Z:112,echo:E0 Flow: 100%,FR:100%
imagens_stream/image_2024-03-08_19-34-51-916.jpg,T:199.77 /200.00 B:49.98 /50.00 @:58 B@:19,X:10.40 Y:20.00 Z:2.00 E:0.00 Count X:832 Y:6794 Z:112,echo:E0 Flow: 100%,FR:100%
imagens_stream/image_2024-03-08_19-34-52-453.jpg,T:199.75 /200.00 B:49.99 /50.00 @:58 B@:17,X:10.40 Y:20.00 Z:2.00 E:0.00 Count X:832 Y:6794 Z:112,echo:E0 Flow: 100%,FR:100%
imagens_stream/image_2024-03-08_19-34-52-955.jpg,T:199.75 /200.00 B:49.99 /50.00 @:58 B@:17,X:10.40 Y:20.00 Z:2.00 E:0.00 Count X:832 Y:6794 Z:112,echo:E0 Flow: 100%,FR:100%
imagens_stream/image_2024-03-08_19-34-53-457.jpg,T:199.77 /200.00 B:49.98 /50.00 @:58 B@:18,X:10.40 Y:20.00 Z:2.00 E:0.00 Count X:832 Y:6794 Z:112,echo:E0 Flow: 100%,FR:100%
imagens_stream/image_2024-03-08_19-34-53-958.jpg,T:199.77 /200.00 B:49.98 /50.00 @:58 B@:18,X:10.40 Y:20.00 Z:2.00 E:0.00 Count X:832 Y:6794 Z:112,echo:E0 Flow: 100%,FR:100%
imagens_stream/image_2024-03-08_19-34-54-465.jpg,T:199.77 /200.00 B:50.00 /50.00 @:58 B@:16,X:10.40 Y:20.00 Z:2.00 E:0.00 Count X:832 Y:6794 Z:112,echo:E0 Flow: 100%,FR:100%
imagens_stream/image_2024-03-08_19-34-54-998.jpg,T:199.77 /200.00 B:50.00 /50.00 @:58 B@:16,X:10.40 Y:20.00 Z:2.00 E:0.00 Count X:832 Y:6794 Z:112,echo:E0 Flow: 100%,FR:100%
imagens_stream/image_2024-03-08_19-34-55-499.jpg,T:199.77 /200.00 B:50.00 /50.00 @:58 B@:16,X:10.40 Y:20.00 Z:2.00 E:0.00 Count X:832 Y:6794 Z:112,echo:E0 Flow: 100%,FR:100%
imagens_stream/image_2024-03-08_19-34-56-038.jpg,T:199.77 /200.00 B:49.99 /50.00 @:58 B@:17,X:10.40 Y:20.00 Z:2.00 E:0.00 Count X:832 Y:6794 Z:112,echo:E0 Flow: 100%,FR:100%
imagens_stream/image_2024-03-08_19-34-56-578.jpg,T:199.77 /200.00 B:49.99 /50.00 @:58 B@:17,X:10.40 Y:20.00 Z:2.00 E:0.00 Count X:832 Y:6794 Z:112,echo:E0 Flow: 100%,FR:100%
imagens_stream/image_2024-03-08_19-34-57-079.jpg,T:199.77 /200.00 B:50.00 /50.00 @:58 B@:17,X:10.40 Y:20.00 Z:2.00 E:0.00 Count X:832 Y:6794 Z:112,echo:E0 Flow: 100%,FR:100%
imagens_stream/image_2024-03-08_19-34-57-621.jpg,T:199.77 /200.00 B:50.00 /50.00 @:58 B@:17,X:10.40 Y:20.00 Z:2.00 E:0.00 Count X:832 Y:6794 Z:112,echo:E0 Flow: 100%,FR:100%
imagens_stream/image_2024-03-08_19-34-58-122.jpg,T:199.77 /200.00 B:50.01 /50.00 @:58 B@:15,X:10.40 Y:20.00 Z:2.00 E:0.00 Count X:832 Y:6794 Z:112,echo:E0 Flow: 100%,FR:100%
imagens_stream/image_2024-03-08_19-34-58-662.jpg,T:199.77 /200.00 B:50.01 /50.00 @:58 B@:15,X:10.40 Y:20.00 Z:2.00 E:0.00 Count X:832 Y:6794 Z:112,echo:E0 Flow: 100%,FR:100%
imagens_stream/image_2024-03-08_19-34-59-203.jpg,T:199.77 /200.00 B:50.02 /50.00 @:58 B@:15,X:10.40 Y:20.00 Z:2.00 E:0.00 Count X:832 Y:6794 Z:112,echo:E0 Flow: 100%,FR:100%
imagens_stream/image_2024-03-08_19-34-59-703.jpg,T:199.77 /200.00 B:50.02 /50.00 @:58 B@:15,X:10.40 Y:20.00 Z:2.00 E:0.00 Count X:832 Y:6794 Z:112,echo:E0 Flow: 100%,FR:100%
imagens_stream/image_2024-03-08_19-35-00-203.jpg,T:199.83 /200.00 B:50.01 /50.00 @:58 B@:15,X:10.40 Y:20.00 Z:2.00 E:0.00 Count X:832 Y:6794 Z:112,echo:E0 Flow: 100%,FR:100%
imagens_stream/image_2024-03-08_19-35-00-743.jpg,T:199.83 /200.00 B:50.01 /50.00 @:58 B@:15,X:10.40 Y:20.00 Z:2.00 E:0.00 Count X:832 Y:6794 Z:112,echo:E0 Flow: 100%,FR:100%
imagens_stream/image_2024-03-08_19-35-01-246.jpg,T:199.86 /200.00 B:50.02 /50.00 @:58 B@:14,X:10.40 Y:20.00 Z:2.00 E:0.00 Count X:832 Y:6794 Z:112,echo:E0 Flow: 100%,FR:100%
imagens_stream/image_2024-03-08_19-35-01-785.jpg,T:199.86 /200.00 B:50.02 /50.00 @:58 B@:14,X:10.40 Y:20.00 Z:2.00 E:0.00 Count X:832 Y:6794 Z:112,echo:E0 Flow: 100%,FR:100%
imagens_stream/image_2024-03-08_19-35-02-286.jpg,T:199.89 /200.00 B:50.02 /50.00 @:57 B@:15,X:10.40 Y:20.00 Z:2.00 E:0.00 Count X:832 Y:6794 Z:112,echo:E0 Flow: 100%,FR:100%
imagens_stream/image_2024-03-08_19-35-02-795.jpg,T:199.89 /200.00 B:50.02 /50.00 @:57 B@:15,X:10.40 Y:20.00 Z:2.00 E:0.00 Count X:832 Y:6794 Z:112,echo:E0 Flow: 100%,FR:100%
imagens_stream/image_2024-03-08_19-35-03-295.jpg,T:199.90 /200.00 B:50.02 /50.00 @:57 B@:15,X:10.40 Y:20.00 Z:2.00 E:0.00 Count X:832 Y:6794 Z:112,echo:E0 Flow: 100%,FR:100%
imagens_stream/image_2024-03-08_19-35-03-803.jpg,T:199.90 /200.00 B:50.02 /50.00 @:57 B@:15,X:10.40 Y:20.00 Z:2.00 E:0.00 Count X:832 Y:6794 Z:112,echo:E0 Flow: 100%,FR:100%
imagens_stream/image_2024-03-08_19-35-04-328.jpg,T:199.89 /200.00 B:50.01 /50.00 @:58 B@:15,X:10.40 Y:20.00 Z:2.00 E:0.00 Count X:832 Y:6794 Z:112,echo:E0 Flow: 100%,FR:100%
imagens_stream/image_2024-03-08_19-35-04-867.jpg,T:199.89 /200.00 B:50.01 /50.00 @:58 B@:15,X:10.40 Y:20.00 Z:2.00 E:0.00 Count X:832 Y:6794 Z:112,echo:E0 Flow: 100%,FR:100%
imagens_stream/image_2024-03-08_19-35-05-368.jpg,T:199.96 /200.00 B:50.01 /50.00 @:57 B@:16,X:10.40 Y:20.00 Z:2.00 E:0.00 Count X:832 Y:6794 Z:112,echo:E0 Flow: 100%,FR:100%
imagens_stream/image_2024-03-08_19-35-05-908.jpg,T:199.96 /200.00 B:50.01 /50.00 @:57 B@:16,X:10.40 Y:20.00 Z:2.00 E:0.00 Count X:832 Y:6794 Z:112,echo:E0 Flow: 100%,FR:100%
imagens_stream/image_2024-03-08_19-35-06-410.jpg,T:199.99 /200.00 B:50.02 /50.00 @:57 B@:14,X:10.40 Y:20.00 Z:2.00 E:0.00 Count X:832 Y:6794 Z:112,echo:E0 Flow: 100%,FR:100%
imagens_stream/image_2024-03-08_19-35-06-911.jpg,T:199.99 /200.00 B:50.02 /50.00 @:57 B@:14,X:10.40 Y:20.00 Z:2.00 E:0.00 Count X:832 Y:6794 Z:112,echo:E0 Flow: 100%,FR:100%
imagens_stream/image_2024-03-08_19-35-07-463.jpg,T:199.99 /200.00 B:50.01 /50.00 @:57 B@:15,X:10.40 Y:20.00 Z:2.00 E:0.00 Count X:832 Y:6794 Z:112,echo:E0 Flow: 100%,FR:100%
imagens_stream/image_2024-03-08_19-35-07-993.jpg,T:199.99 /200.00 B:50.01 /50.00 @:57 B@:15,X:10.40 Y:20.00 Z:2.00 E:0.00 Count X:832 Y:6794 Z:112,echo:E0 Flow: 100%,FR:100%
imagens_stream/image_2024-03-08_19-35-08-494.jpg,T:199.99 /200.00 B:49.98 /50.00 @:57 B@:18,X:10.40 Y:20.00 Z:2.00 E:0.00 Count X:832 Y:6794 Z:112,echo:E0 Flow: 100%,FR:100%
imagens_stream/image_2024-03-08_19-35-09-034.jpg,T:199.99 /200.00 B:49.98 /50.00 @:57 B@:18,X:10.40 Y:20.00 Z:2.00 E:0.00 Count X:832 Y:6794 Z:112,echo:E0 Flow: 100%,FR:100%
imagens_stream/image_2024-03-08_19-35-09-574.jpg,T:199.99 /200.00 B:49.98 /50.00 @:57 B@:18,X:10.40 Y:20.00 Z:2.00 E:0.00 Count X:832 Y:6794 Z:112,echo:E0 Flow: 100%,FR:100%
imagens_stream/image_2024-03-08_19-35-10-078.jpg,T:199.99 /200.00 B:49.99 /50.00 @:57 B@:17,X:10.40 Y:20.00 Z:2.00 E:0.00 Count X:832 Y:6794 Z:112,echo:E0 Flow: 100%,FR:100%
imagens_stream/image_2024-03-08_19-35-10-615.jpg,T:199.99 /200.00 B:49.99 /50.00 @:57 B@:17,X:10.40 Y:20.00 Z:2.00 E:0.00 Count X:832 Y:6794 Z:112,echo:E0 Flow: 100%,FR:100%
imagens_stream/image_2024-03-08_19-35-11-116.jpg,T:200.00 /200.00 B:50.01 /50.00 @:57 B@:15,X:10.40 Y:20.00 Z:2.00 E:0.00 Count X:832 Y:6794 Z:112,echo:E0 Flow: 100%,FR:100%
imagens_stream/image_2024-03-08_19-35-11-659.jpg,T:200.00 /200.00 B:50.01 /50.00 @:57 B@:15,X:10.40 Y:20.00 Z:2.00 E:0.00 Count X:832 Y:6794 Z:112,echo:E0 Flow: 100%,FR:100%
imagens_stream/image_2024-03-08_19-35-12-197.jpg,T:199.99 /200.00 B:50.02 /50.00 @:57 B@:13,X:10.40 Y:20.00 Z:2.00 E:0.00 Count X:832 Y:6794 Z:112,echo:E0 Flow: 100%,FR:100%
imagens_stream/image_2024-03-08_19-35-12-698.jpg,T:199.99 /200.00 B:50.02 /50.00 @:57 B@:13,X:10.40 Y:20.00 Z:2.00 E:0.00 Count X:832 Y:6794 Z:112,echo:E0 Flow: 100%,FR:100%
imagens_stream/image_2024-03-08_19-35-13-203.jpg,T:200.00 /200.00 B:50.01 /50.00 @:57 B@:14,X:10.40 Y:20.00 Z:2.00 E:0.00 Count X:832 Y:6794 Z:112,echo:E0 Flow: 100%,FR:100%
imagens_stream/image_2024-03-08_19-35-13-740.jpg,T:200.00 /200.00 B:50.01 /50.00 @:57 B@:14,X:10.40 Y:20.00 Z:2.00 E:0.00 Count X:832 Y:6794 Z:112,echo:E0 Flow: 100%,FR:100%
imagens_stream/image_2024-03-08_19-35-14-241.jpg,T:199.99 /200.00 B:50.01 /50.00 @:58 B@:14,X:10.40 Y:20.00 Z:2.00 E:0.00 Count X:832 Y:6794 Z:112,echo:E0 Flow: 100%,FR:100%
imagens_stream/image_2024-03-08_19-35-14-781.jpg,T:199.99 /200.00 B:50.01 /50.00 @:58 B@:14,X:10.40 Y:20.00 Z:2.00 E:0.00 Count X:832 Y:6794 Z:112,echo:E0 Flow: 100%,FR:100%
imagens_stream/image_2024-03-08_19-35-15-282.jpg,T:199.99 /200.00 B:50.02 /50.00 @:58 B@:14,X:10.40 Y:20.00 Z:2.00 E:0.00 Count X:832 Y:6794 Z:112,echo:E0 Flow: 100%,FR:100%
imagens_stream/image_2024-03-08_19-35-15-821.jpg,T:199.99 /200.00 B:50.02 /50.00 @:58 B@:14,X:10.40 Y:20.00 Z:2.00 E:0.00 Count X:832 Y:6794 Z:112,echo:E0 Flow: 100%,FR:100%
imagens_stream/image_2024-03-08_19-35-16-323.jpg,T:199.99 /200.00 B:50.00 /50.00 @:58 B@:15,X:10.40 Y:20.00 Z:2.00 E:0.00 Count X:832 Y:6794 Z:112,echo:E0 Flow: 100%,FR:100%
imagens_stream/image_2024-03-08_19-35-16-863.jpg,T:199.99 /200.00 B:50.00 /50.00 @:58 B@:15,X:10.40 Y:20.00 Z:2.00 E:0.00 Count X:832 Y:6794 Z:112,echo:E0 Flow: 100%,FR:100%
imagens_stream/image_2024-03-08_19-35-17-364.jpg,T:199.99 /200.00 B:50.04 /50.00 @:58 B@:11,X:10.40 Y:20.00 Z:2.00 E:0.00 Count X:832 Y:6794 Z:112,echo:E0 Flow: 100%,FR:100%
imagens_stream/image_2024-03-08_19-35-17-903.jpg,T:199.99 /200.00 B:50.04 /50.00 @:58 B@:11,X:10.40 Y:20.00 Z:2.00 E:0.00 Count X:832 Y:6794 Z:112,echo:E0 Flow: 100%,FR:100%
imagens_stream/image_2024-03-08_19-35-18-403.jpg,T:200.00 /200.00 B:50.02 /50.00 @:57 B@:13,X:10.40 Y:20.00 Z:2.00 E:0.00 Count X:832 Y:6794 Z:112,echo:E0 Flow: 100%,FR:100%
imagens_stream/image_2024-03-08_19-35-18-919.jpg,T:200.00 /200.00 B:50.02 /50.00 @:57 B@:13,X:10.40 Y:20.00 Z:2.00 E:0.00 Count X:832 Y:6794 Z:112,echo:E0 Flow: 100%,FR:100%
imagens_stream/image_2024-03-08_19-35-19-447.jpg,T:200.00 /200.00 B:50.03 /50.00 @:57 B@:12,X:10.40 Y:20.00 Z:2.00 E:0.00 Count X:832 Y:6794 Z:112,echo:E0 Flow: 100%,FR:100%
imagens_stream/image_2024-03-08_19-35-19-986.jpg,T:200.00 /200.00 B:50.03 /50.00 @:57 B@:12,X:10.40 Y:20.00 Z:2.00 E:0.00 Count X:832 Y:6794 Z:112,echo:E0 Flow: 100%,FR:100%
imagens_stream/image_2024-03-08_19-35-20-489.jpg,T:200.00 /200.00 B:50.04 /50.00 @:58 B@:11,X:10.40 Y:20.00 Z:2.00 E:0.00 Count X:832 Y:6794 Z:112,echo:E0 Flow: 100%,FR:100%
imagens_stream/image_2024-03-08_19-35-21-031.jpg,T:200.00 /200.00 B:50.04 /50.00 @:58 B@:11,X:10.40 Y:20.00 Z:2.00 E:0.00 Count X:832 Y:6794 Z:112,echo:E0 Flow: 100%,FR:100%
imagens_stream/image_2024-03-08_19-35-21-570.jpg,T:200.00 /200.00 B:50.00 /50.00 @:58 B@:15,X:10.40 Y:20.00 Z:2.00 E:0.00 Count X:832 Y:6794 Z:112,echo:E0 Flow: 100%,FR:100%
imagens_stream/image_2024-03-08_19-35-22-071.jpg,T:200.01 /200.00 B:50.01 /50.00 @:57 B@:13,X:10.40 Y:20.00 Z:2.00 E:0.00 Count X:832 Y:6794 Z:112,echo:E0 Flow: 100%,FR:100%
imagens_stream/image_2024-03-08_19-35-22-571.jpg,T:200.01 /200.00 B:50.01 /50.00 @:57 B@:13,X:10.40 Y:20.00 Z:2.00 E:0.00 Count X:832 Y:6794 Z:112,echo:E0 Flow: 100%,FR:100%
imagens_stream/image_2024-03-08_19-35-23-113.jpg,T:200.00 /200.00 B:50.01 /50.00 @:58 B@:14,X:10.40 Y:20.00 Z:2.00 E:0.00 Count X:832 Y:6794 Z:112,echo:E0 Flow: 100%,FR:100%
imagens_stream/image_2024-03-08_19-35-23-652.jpg,T:200.00 /200.00 B:50.01 /50.00 @:58 B@:14,X:10.40 Y:20.00 Z:2.00 E:0.00 Count X:832 Y:6794 Z:112,echo:E0 Flow: 100%,FR:100%
imagens_stream/image_2024-03-08_19-35-24-194.jpg,T:200.01 /200.00 B:50.00 /50.00 @:57 B@:15,X:10.40 Y:20.00 Z:2.00 E:0.00 Count X:832 Y:6794 Z:112,echo:E0 Flow: 100%,FR:100%
imagens_stream/image_2024-03-08_19-35-24-703.jpg,T:200.01 /200.00 B:50.00 /50.00 @:57 B@:15,X:10.40 Y:20.00 Z:2.00 E:0.00 Count X:832 Y:6794 Z:112,echo:E0 Flow: 100%,FR:100%
imagens_stream/image_2024-03-08_19-35-25-234.jpg,T:200.02 /200.00 B:49.98 /50.00 @:57 B@:17,X:10.40 Y:20.00 Z:2.00 E:0.00 Count X:832 Y:6794 Z:112,echo:E0 Flow: 100%,FR:100%
imagens_stream/image_2024-03-08_19-35-25-734.jpg,T:200.02 /200.00 B:49.98 /50.00 @:57 B@:17,X:10.40 Y:20.00 Z:2.00 E:0.00 Count X:832 Y:6794 Z:112,echo:E0 Flow: 100%,FR:100%
imagens_stream/image_2024-03-08_19-35-26-279.jpg,T:200.01 /200.00 B:49.99 /50.00 @:58 B@:15,X:10.40 Y:20.00 Z:2.00 E:0.00 Count X:832 Y:6794 Z:112,echo:E0 Flow: 100%,FR:100%
imagens_stream/image_2024-03-08_19-35-26-821.jpg,T:200.01 /200.00 B:49.99 /50.00 @:58 B@:15,X:10.40 Y:20.00 Z:2.00 E:0.00 Count X:832 Y:6794 Z:112,echo:E0 Flow: 100%,FR:100%
imagens_stream/image_2024-03-08_19-35-27-363.jpg,T:200.01 /200.00 B:50.00 /50.00 @:58 B@:14,X:10.40 Y:20.00 Z:2.00 E:0.00 Count X:832 Y:6794 Z:112,echo:E0 Flow: 100%,FR:100%
imagens_stream/image_2024-03-08_19-35-27-902.jpg,T:200.01 /200.00 B:50.00 /50.00 @:58 B@:14,X:10.40 Y:20.00 Z:2.00 E:0.00 Count X:832 Y:6794 Z:112,echo:E0 Flow: 100%,FR:100%
imagens_stream/image_2024-03-08_19-35-28-443.jpg,T:200.01 /200.00 B:50.00 /50.00 @:58 B@:15,X:10.40 Y:20.00 Z:2.00 E:0.00 Count X:832 Y:6794 Z:112,echo:E0 Flow: 100%,FR:100%
imagens_stream/image_2024-03-08_19-35-28-983.jpg,T:200.01 /200.00 B:50.00 /50.00 @:58 B@:15,X:10.40 Y:20.00 Z:2.00 E:0.00 Count X:832 Y:6794 Z:112,echo:E0 Flow: 100%,FR:100%
imagens_stream/image_2024-03-08_19-35-29-536.jpg,T:200.00 /200.00 B:49.99 /50.00 @:58 B@:16,X:10.40 Y:20.00 Z:2.00 E:0.00 Count X:832 Y:6794 Z:112,echo:E0 Flow: 100%,FR:100%
imagens_stream/image_2024-03-08_19-35-30-065.jpg,T:200.02 /200.00 B:49.99 /50.00 @:57 B@:15,X:10.40 Y:20.00 Z:2.00 E:0.00 Count X:832 Y:6794 Z:112,echo:E0 Flow: 100%,FR:100%
imagens_stream/image_2024-03-08_19-35-30-566.jpg,T:200.02 /200.00 B:49.99 /50.00 @:57 B@:15,X:10.40 Y:20.00 Z:2.00 E:0.00 Count X:832 Y:6794 Z:112,echo:E0 Flow: 100%,FR:100%
imagens_stream/image_2024-03-08_19-35-31-106.jpg,T:200.03 /200.00 B:50.02 /50.00 @:57 B@:12,X:10.40 Y:20.00 Z:2.00 E:0.00 Count X:832 Y:6794 Z:112,echo:E0 Flow: 100%,FR:100%
imagens_stream/image_2024-03-08_19-35-31-608.jpg,T:200.03 /200.00 B:50.02 /50.00 @:57 B@:12,X:10.40 Y:20.00 Z:2.00 E:0.00 Count X:832 Y:6794 Z:112,echo:E0 Flow: 100%,FR:100%
imagens_stream/image_2024-03-08_19-35-32-111.jpg,T:200.04 /200.00 B:50.00 /50.00 @:57 B@:14,X:10.40 Y:20.00 Z:2.00 E:0.00 Count X:832 Y:6794 Z:112,echo:E0 Flow: 100%,FR:100%
imagens_stream/image_2024-03-08_19-35-32-650.jpg,T:200.04 /200.00 B:50.00 /50.00 @:57 B@:14,X:10.40 Y:20.00 Z:2.00 E:0.00 Count X:832 Y:6794 Z:112,echo:E0 Flow: 100%,FR:100%
imagens_stream/image_2024-03-08_19-35-33-189.jpg,T:200.03 /200.00 B:50.00 /50.00 @:57 B@:15,X:10.40 Y:20.00 Z:2.00 E:0.00 Count X:832 Y:6794 Z:112,echo:E0 Flow: 100%,FR:100%
imagens_stream/image_2024-03-08_19-35-33-733.jpg,T:200.03 /200.00 B:50.00 /50.00 @:57 B@:15,X:10.40 Y:20.00 Z:2.00 E:0.00 Count X:832 Y:6794 Z:112,echo:E0 Flow: 100%,FR:100%
imagens_stream/image_2024-03-08_19-35-34-274.jpg,T:200.09 /200.00 B:50.02 /50.00 @:57 B@:12,X:10.40 Y:20.00 Z:2.00 E:0.00 Count X:832 Y:6794 Z:112,echo:E0 Flow: 100%,FR:100%
imagens_stream/image_2024-03-08_19-35-34-815.jpg,T:200.09 /200.00 B:50.02 /50.00 @:57 B@:12,X:10.40 Y:20.00 Z:2.00 E:0.00 Count X:832 Y:6794 Z:112,echo:E0 Flow: 100%,FR:100%
imagens_stream/image_2024-03-08_19-35-35-355.jpg,T:200.09 /200.00 B:50.03 /50.00 @:57 B@:11,X:10.40 Y:20.00 Z:2.00 E:0.00 Count X:832 Y:6794 Z:112,echo:E0 Flow: 100%,FR:100%
imagens_stream/image_2024-03-08_19-35-35-856.jpg,T:200.09 /200.00 B:50.03 /50.00 @:57 B@:11,X:10.40 Y:20.00 Z:2.00 E:0.00 Count X:832 Y:6794 Z:112,echo:E0 Flow: 100%,FR:100%
imagens_stream/image_2024-03-08_19-35-36-398.jpg,T:200.12 /200.00 B:50.00 /50.00 @:56 B@:14,X:10.40 Y:20.00 Z:2.00 E:0.00 Count X:832 Y:6794 Z:112,echo:E0 Flow: 100%,FR:100%
imagens_stream/image_2024-03-08_19-35-36-899.jpg,T:200.12 /200.00 B:50.00 /50.00 @:56 B@:14,X:10.40 Y:20.00 Z:2.00 E:0.00 Count X:832 Y:6794 Z:112,echo:E0 Flow: 100%,FR:100%
imagens_stream/image_2024-03-08_19-35-37-437.jpg,T:200.14 /200.00 B:50.02 /50.00 @:56 B@:12,X:10.40 Y:20.00 Z:2.00 E:0.00 Count X:832 Y:6794 Z:112,echo:E0 Flow: 100%,FR:100%
imagens_stream/image_2024-03-08_19-35-37-939.jpg,T:200.14 /200.00 B:50.02 /50.00 @:56 B@:12,X:10.40 Y:20.00 Z:2.00 E:0.00 Count X:832 Y:6794 Z:112,echo:E0 Flow: 100%,FR:100%
imagens_stream/image_2024-03-08_19-35-38-478.jpg,T:200.14 /200.00 B:50.02 /50.00 @:56 B@:12,X:10.40 Y:20.00 Z:2.00 E:0.00 Count X:832 Y:6794 Z:112,echo:E0 Flow: 100%,FR:100%
imagens_stream/image_2024-03-08_19-35-38-980.jpg,T:200.14 /200.00 B:50.02 /50.00 @:56 B@:12,X:10.40 Y:20.00 Z:2.00 E:0.00 Count X:832 Y:6794 Z:112,echo:E0 Flow: 100%,FR:100%
imagens_stream/image_2024-03-08_19-35-39-520.jpg,T:200.14 /200.00 B:50.02 /50.00 @:56 B@:12,X:10.40 Y:20.00 Z:2.00 E:0.00 Count X:832 Y:6794 Z:112,echo:E0 Flow: 100%,FR:100%
imagens_stream/image_2024-03-08_19-35-40-022.jpg,T:200.14 /200.00 B:50.02 /50.00 @:56 B@:12,X:10.40 Y:20.00 Z:2.00 E:0.00 Count X:832 Y:6794 Z:112,echo:E0 Flow: 100%,FR:100%
imagens_stream/image_2024-03-08_19-35-40-563.jpg,T:200.14 /200.00 B:50.05 /50.00 @:56 B@:8,X:10.40 Y:20.00 Z:2.00 E:0.00 Count X:832 Y:6794 Z:112,echo:E0 Flow: 100%,FR:100%
imagens_stream/image_2024-03-08_19-35-41-105.jpg,T:200.15 /200.00 B:50.03 /50.00 @:56 B@:11,X:10.40 Y:20.00 Z:2.00 E:0.00 Count X:832 Y:6794 Z:112,echo:E0 Flow: 100%,FR:100%
imagens_stream/image_2024-03-08_19-35-41-618.jpg,T:200.15 /200.00 B:50.03 /50.00 @:56 B@:11,X:10.40 Y:20.00 Z:2.00 E:0.00 Count X:832 Y:6794 Z:112,echo:E0 Flow: 100%,FR:100%
imagens_stream/image_2024-03-08_19-35-42-146.jpg,T:200.14 /200.00 B:50.04 /50.00 @:56 B@:10,X:10.40 Y:20.00 Z:2.00 E:0.00 Count X:832 Y:6794 Z:112,echo:E0 Flow: 100%,FR:100%
imagens_stream/image_2024-03-08_19-35-42-686.jpg,T:200.14 /200.00 B:50.04 /50.00 @:56 B@:10,X:10.40 Y:20.00 Z:2.00 E:0.00 Count X:832 Y:6794 Z:112,echo:E0 Flow: 100%,FR:100%
imagens_stream/image_2024-03-08_19-35-43-228.jpg,T:200.14 /200.00 B:50.02 /50.00 @:56 B@:12,X:10.40 Y:20.00 Z:2.00 E:0.00 Count X:832 Y:6794 Z:112,echo:E0 Flow: 100%,FR:100%
imagens_stream/image_2024-03-08_19-35-43-769.jpg,T:200.14 /200.00 B:50.02 /50.00 @:56 B@:12,X:10.40 Y:20.00 Z:2.00 E:0.00 Count X:832 Y:6794 Z:112,echo:E0 Flow: 100%,FR:100%
imagens_stream/image_2024-03-08_19-35-44-272.jpg,T:200.14 /200.00 B:50.03 /50.00 @:56 B@:11,X:10.40 Y:20.00 Z:2.00 E:0.00 Count X:832 Y:6794 Z:112,echo:E0 Flow: 100%,FR:100%
imagens_stream/image_2024-03-08_19-35-44-810.jpg,T:200.14 /200.00 B:50.03 /50.00 @:56 B@:11,X:10.40 Y:20.00 Z:2.00 E:0.00 Count X:832 Y:6794 Z:112,echo:E0 Flow: 100%,FR:100%
imagens_stream/image_2024-03-08_19-35-45-310.jpg,T:200.14 /200.00 B:50.02 /50.00 @:56 B@:11,X:10.40 Y:20.00 Z:2.00 E:0.00 Count X:832 Y:6794 Z:112,echo:E0 Flow: 100%,FR:100%
imagens_stream/image_2024-03-08_19-35-45-822.jpg,T:200.14 /200.00 B:50.02 /50.00 @:56 B@:11,X:10.40 Y:20.00 Z:2.00 E:0.00 Count X:832 Y:6794 Z:112,echo:E0 Flow: 100%,FR:100%
imagens_stream/image_2024-03-08_19-35-46-335.jpg,T:200.14 /200.00 B:50.00 /50.00 @:56 B@:13,X:10.40 Y:20.00 Z:2.00 E:0.00 Count X:832 Y:6794 Z:112,echo:E0 Flow: 100%,FR:100%
imagens_stream/image_2024-03-08_19-35-46-852.jpg,T:200.14 /200.00 B:50.00 /50.00 @:56 B@:13,X:10.40 Y:20.00 Z:2.00 E:0.00 Count X:832 Y:6794 Z:112,echo:E0 Flow: 100%,FR:100%
imagens_stream/image_2024-03-08_19-35-47-392.jpg,T:200.14 /200.00 B:50.02 /50.00 @:56 B@:10,X:10.40 Y:20.00 Z:2.00 E:0.00 Count X:832 Y:6794 Z:112,echo:E0 Flow: 100%,FR:100%
imagens_stream/image_2024-03-08_19-35-47-893.jpg,T:200.14 /200.00 B:50.02 /50.00 @:56 B@:10,X:10.40 Y:20.00 Z:2.00 E:0.00 Count X:832 Y:6794 Z:112,echo:E0 Flow: 100%,FR:100%
imagens_stream/image_2024-03-08_19-35-48-433.jpg,T:200.11 /200.00 B:50.01 /50.00 @:57 B@:11,X:10.40 Y:20.00 Z:2.00 E:0.00 Count X:832 Y:6794 Z:112,echo:E0 Flow: 100%,FR:100%
imagens_stream/image_2024-03-08_19-35-48-935.jpg,T:200.11 /200.00 B:50.01 /50.00 @:57 B@:11,X:10.40 Y:20.00 Z:2.00 E:0.00 Count X:832 Y:6794 Z:112,echo:E0 Flow: 100%,FR:100%
imagens_stream/image_2024-03-08_19-35-49-475.jpg,T:200.04 /200.00 B:50.00 /50.00 @:57 B@:12,X:10.40 Y:20.00 Z:2.00 E:0.00 Count X:832 Y:6794 Z:112,echo:E0 Flow: 100%,FR:100%
imagens_stream/image_2024-03-08_19-35-50-018.jpg,T:200.04 /200.00 B:50.00 /50.00 @:57 B@:12,X:10.40 Y:20.00 Z:2.00 E:0.00 Count X:832 Y:6794 Z:112,echo:E0 Flow: 100%,FR:100%
imagens_stream/image_2024-03-08_19-35-50-558.jpg,T:200.03 /200.00 B:49.98 /50.00 @:57 B@:14,X:10.40 Y:20.00 Z:2.00 E:0.00 Count X:832 Y:6794 Z:112,echo:E0 Flow: 100%,FR:100%
imagens_stream/image_2024-03-08_19-35-51-059.jpg,T:200.03 /200.00 B:49.98 /50.00 @:57 B@:14,X:10.40 Y:20.00 Z:2.00 E:0.00 Count X:832 Y:6794 Z:112,echo:E0 Flow: 100%,FR:100%
imagens_stream/image_2024-03-08_19-35-51-559.jpg,T:200.02 /200.00 B:49.99 /50.00 @:57 B@:13,X:10.40 Y:20.00 Z:2.00 E:0.00 Count X:832 Y:6794 Z:112,echo:E0 Flow: 100%,FR:100%
imagens_stream/image_2024-03-08_19-35-52-100.jpg,T:200.00 /200.00 B:49.98 /50.00 @:57 B@:14,X:10.40 Y:20.00 Z:2.00 E:0.00 Count X:832 Y:6794 Z:112,echo:E0 Flow: 100%,FR:100%
imagens_stream/image_2024-03-08_19-35-52-641.jpg,T:200.00 /200.00 B:49.98 /50.00 @:57 B@:14,X:10.40 Y:20.00 Z:2.00 E:0.00 Count X:832 Y:6794 Z:112,echo:E0 Flow: 100%,FR:100%
imagens_stream/image_2024-03-08_19-35-53-181.jpg,T:200.00 /200.00 B:49.98 /50.00 @:57 B@:13,X:10.40 Y:20.00 Z:2.00 E:0.00 Count X:832 Y:6794 Z:112,echo:E0 Flow: 100%,FR:100%
imagens_stream/image_2024-03-08_19-35-53-687.jpg,T:200.00 /200.00 B:49.98 /50.00 @:57 B@:13,X:10.40 Y:20.00 Z:2.00 E:0.00 Count X:832 Y:6794 Z:112,echo:E0 Flow: 100%,FR:100%
imagens_stream/image_2024-03-08_19-35-54-224.jpg,T:200.00 /200.00 B:49.97 /50.00 @:57 B@:14,X:10.40 Y:20.00 Z:2.00 E:0.00 Count X:832 Y:6794 Z:112,echo:E0 Flow: 100%,FR:100%
imagens_stream/image_2024-03-08_19-35-54-765.jpg,T:200.00 /200.00 B:49.97 /50.00 @:57 B@:14,X:10.40 Y:20.00 Z:2.00 E:0.00 Count X:832 Y:6794 Z:112,echo:E0 Flow: 100%,FR:100%
imagens_stream/image_2024-03-08_19-35-55-305.jpg,T:200.00 /200.00 B:49.97 /50.00 @:57 B@:14,X:10.40 Y:20.00 Z:2.00 E:0.00 Count X:832 Y:6794 Z:112,echo:E0 Flow: 100%,FR:100%
imagens_stream/image_2024-03-08_19-35-55-807.jpg,T:200.00 /200.00 B:49.97 /50.00 @:57 B@:14,X:10.40 Y:20.00 Z:2.00 E:0.00 Count X:832 Y:6794 Z:112,echo:E0 Flow: 100%,FR:100%
imagens_stream/image_2024-03-08_19-35-56-358.jpg,T:199.98 /200.00 B:49.96 /50.00 @:57 B@:15,X:10.40 Y:20.00 Z:2.00 E:0.00 Count X:832 Y:6794 Z:112,echo:E0 Flow: 100%,FR:100%
imagens_stream/image_2024-03-08_19-35-56-907.jpg,T:199.98 /200.00 B:49.96 /50.00 @:57 B@:15,X:10.40 Y:20.00 Z:2.00 E:0.00 Count X:832 Y:6794 Z:112,echo:E0 Flow: 100%,FR:100%
imagens_stream/image_2024-03-08_19-35-57-432.jpg,T:199.95 /200.00 B:49.98 /50.00 @:58 B@:13,X:10.40 Y:20.00 Z:2.00 E:0.00 Count X:832 Y:6794 Z:112,echo:E0 Flow: 100%,FR:100%
imagens_stream/image_2024-03-08_19-35-57-932.jpg,T:199.95 /200.00 B:49.98 /50.00 @:58 B@:13,X:10.40 Y:20.00 Z:2.00 E:0.00 Count X:832 Y:6794 Z:112,echo:E0 Flow: 100%,FR:100%
imagens_stream/image_2024-03-08_19-35-58-434.jpg,T:199.94 /200.00 B:49.98 /50.00 @:58 B@:13,X:10.40 Y:20.00 Z:2.00 E:0.00 Count X:832 Y:6794 Z:112,echo:E0 Flow: 100%,FR:100%
imagens_stream/image_2024-03-08_19-35-58-971.jpg,T:199.94 /200.00 B:49.98 /50.00 @:58 B@:13,X:10.40 Y:20.00 Z:2.00 E:0.00 Count X:832 Y:6794 Z:112,echo:E0 Flow: 100%,FR:100%
imagens_stream/image_2024-03-08_19-35-59-475.jpg,T:199.96 /200.00 B:49.98 /50.00 @:57 B@:14,X:10.40 Y:20.00 Z:2.00 E:0.00 Count X:832 Y:6794 Z:112,echo:E0 Flow: 100%,FR:100%
imagens_stream/image_2024-03-08_19-36-00-014.jpg,T:199.96 /200.00 B:49.98 /50.00 @:57 B@:14,X:10.40 Y:20.00 Z:2.00 E:0.00 Count X:832 Y:6794 Z:112,echo:E0 Flow: 100%,FR:100%
imagens_stream/image_2024-03-08_19-36-00-554.jpg,T:199.92 /200.00 B:49.98 /50.00 @:58 B@:13,X:10.40 Y:20.00 Z:2.00 E:0.00 Count X:832 Y:6794 Z:112,echo:E0 Flow: 100%,FR:100%
imagens_stream/image_2024-03-08_19-36-01-055.jpg,T:199.92 /200.00 B:49.98 /50.00 @:58 B@:13,X:10.40 Y:20.00 Z:2.00 E:0.00 Count X:832 Y:6794 Z:112,echo:E0 Flow: 100%,FR:100%
imagens_stream/image_2024-03-08_19-36-01-595.jpg,T:199.91 /200.00 B:49.96 /50.00 @:58 B@:16,X:10.40 Y:20.00 Z:2.00 E:0.00 Count X:832 Y:6794 Z:112,echo:E0 Flow: 100%,FR:100%
imagens_stream/image_2024-03-08_19-36-02-097.jpg,T:199.91 /200.00 B:49.99 /50.00 @:58 B@:13,X:10.40 Y:20.00 Z:2.00 E:0.00 Count X:832 Y:6794 Z:112,echo:E0 Flow: 100%,FR:100%
imagens_stream/image_2024-03-08_19-36-02-639.jpg,T:199.91 /200.00 B:49.99 /50.00 @:58 B@:13,X:10.40 Y:20.00 Z:2.00 E:0.00 Count X:832 Y:6794 Z:112,echo:E0 Flow: 100%,FR:100%
imagens_stream/image_2024-03-08_19-36-03-153.jpg,T:199.91 /200.00 B:49.99 /50.00 @:58 B@:13,X:10.40 Y:20.00 Z:2.00 E:0.00 Count X:832 Y:6794 Z:112,echo:E0 Flow: 100%,FR:100%
imagens_stream/image_2024-03-08_19-36-03-679.jpg,T:199.91 /200.00 B:49.99 /50.00 @:58 B@:13,X:10.40 Y:20.00 Z:2.00 E:0.00 Count X:832 Y:6794 Z:112,echo:E0 Flow: 100%,FR:100%
imagens_stream/image_2024-03-08_19-36-04-219.jpg,T:199.91 /200.00 B:50.00 /50.00 @:58 B@:12,X:10.40 Y:20.00 Z:2.00 E:0.00 Count X:832 Y:6794 Z:112,echo:E0 Flow: 100%,FR:100%
imagens_stream/image_2024-03-08_19-36-04-721.jpg,T:199.91 /200.00 B:50.00 /50.00 @:58 B@:12,X:10.40 Y:20.00 Z:2.00 E:0.00 Count X:832 Y:6794 Z:112,echo:E0 Flow: 100%,FR:100%
imagens_stream/image_2024-03-08_19-36-05-239.jpg,T:199.90 /200.00 B:49.99 /50.00 @:58 B@:14,X:10.40 Y:20.00 Z:2.00 E:0.00 Count X:832 Y:6794 Z:112,echo:E0 Flow: 100%,FR:100%
imagens_stream/image_2024-03-08_19-36-05-763.jpg,T:199.90 /200.00 B:49.99 /50.00 @:58 B@:14,X:10.40 Y:20.00 Z:2.00 E:0.00 Count X:832 Y:6794 Z:112,echo:E0 Flow: 100%,FR:100%
imagens_stream/image_2024-03-08_19-36-06-312.jpg,T:199.91 /200.00 B:49.98 /50.00 @:58 B@:15,X:10.40 Y:20.00 Z:2.00 E:0.00 Count X:832 Y:6794 Z:112,echo:E0 Flow: 100%,FR:100%
imagens_stream/image_2024-03-08_19-36-06-845.jpg,T:199.91 /200.00 B:49.98 /50.00 @:58 B@:15,X:10.40 Y:20.00 Z:2.00 E:0.00 Count X:832 Y:6794 Z:112,echo:E0 Flow: 100%,FR:100%
imagens_stream/image_2024-03-08_19-36-07-385.jpg,T:199.94 /200.00 B:50.00 /50.00 @:57 B@:13,X:10.40 Y:20.00 Z:2.00 E:0.00 Count X:832 Y:6794 Z:112,echo:E0 Flow: 100%,FR:100%
imagens_stream/image_2024-03-08_19-36-07-928.jpg,T:199.94 /200.00 B:50.00 /50.00 @:57 B@:13,X:10.40 Y:20.00 Z:2.00 E:0.00 Count X:832 Y:6794 Z:112,echo:E0 Flow: 100%,FR:100%
imagens_stream/image_2024-03-08_19-36-08-468.jpg,T:199.97 /200.00 B:50.00 /50.00 @:57 B@:14,X:10.40 Y:20.00 Z:2.00 E:0.00 Count X:832 Y:6794 Z:112,echo:E0 Flow: 100%,FR:100%
imagens_stream/image_2024-03-08_19-36-09-012.jpg,T:199.97 /200.00 B:50.00 /50.00 @:57 B@:14,X:10.40 Y:20.00 Z:2.00 E:0.00 Count X:832 Y:6794 Z:112,echo:E0 Flow: 100%,FR:100%
imagens_stream/image_2024-03-08_19-36-09-552.jpg,T:199.98 /200.00 B:50.01 /50.00 @:57 B@:13,X:10.40 Y:20.00 Z:2.00 E:0.00 Count X:832 Y:6794 Z:112,echo:E0 Flow: 100%,FR:100%
imagens_stream/image_2024-03-08_19-36-10-092.jpg,T:199.97 /200.00 B:50.01 /50.00 @:57 B@:12,X:10.40 Y:20.00 Z:2.00 E:0.00 Count X:832 Y:6794 Z:112,echo:E0 Flow: 100%,FR:100%
imagens_stream/image_2024-03-08_19-36-10-594.jpg,T:199.97 /200.00 B:50.01 /50.00 @:57 B@:12,X:10.40 Y:20.00 Z:2.00 E:0.00 Count X:832 Y:6794 Z:112,echo:E0 Flow: 100%,FR:100%
imagens_stream/image_2024-03-08_19-36-11-133.jpg,T:199.99 /200.00 B:50.02 /50.00 @:57 B@:11,X:10.40 Y:20.00 Z:2.00 E:0.00 Count X:832 Y:6794 Z:112,echo:E0 Flow: 100%,FR:100%
imagens_stream/image_2024-03-08_19-36-11-676.jpg,T:199.99 /200.00 B:50.02 /50.00 @:57 B@:11,X:10.40 Y:20.00 Z:2.00 E:0.00 Count X:832 Y:6794 Z:112,echo:E0 Flow: 100%,FR:100%
imagens_stream/image_2024-03-08_19-36-12-216.jpg,T:200.00 /200.00 B:50.01 /50.00 @:57 B@:12,X:10.40 Y:20.00 Z:2.00 E:0.00 Count X:832 Y:6794 Z:112,echo:E0 Flow: 100%,FR:100%
imagens_stream/image_2024-03-08_19-36-12-718.jpg,T:200.00 /200.00 B:50.01 /50.00 @:57 B@:12,X:10.40 Y:20.00 Z:2.00 E:0.00 Count X:832 Y:6794 Z:112,echo:E0 Flow: 100%,FR:100%
imagens_stream/image_2024-03-08_19-36-13-257.jpg,T:200.00 /200.00 B:50.01 /50.00 @:57 B@:13,X:10.40 Y:20.00 Z:2.00 E:0.00 Count X:832 Y:6794 Z:112,echo:E0 Flow: 100%,FR:100%
imagens_stream/image_2024-03-08_19-36-13-799.jpg,T:200.00 /200.00 B:50.01 /50.00 @:57 B@:13,X:10.40 Y:20.00 Z:2.00 E:0.00 Count X:832 Y:6794 Z:112,echo:E0 Flow: 100%,FR:100%
imagens_stream/image_2024-03-08_19-36-14-300.jpg,T:200.00 /200.00 B:50.00 /50.00 @:57 B@:14,X:10.40 Y:20.00 Z:2.00 E:0.00 Count X:832 Y:6794 Z:112,echo:E0 Flow: 100%,FR:100%
imagens_stream/image_2024-03-08_19-36-14-840.jpg,T:200.00 /200.00 B:50.00 /50.00 @:57 B@:14,X:10.40 Y:20.00 Z:2.00 E:0.00 Count X:832 Y:6794 Z:112,echo:E0 Flow: 100%,FR:100%
imagens_stream/image_2024-03-08_19-36-15-343.jpg,T:199.99 /200.00 B:50.02 /50.00 @:57 B@:11,X:10.40 Y:20.00 Z:2.00 E:0.00 Count X:832 Y:6794 Z:112,echo:E0 Flow: 100%,FR:100%
imagens_stream/image_2024-03-08_19-36-15-895.jpg,T:199.99 /200.00 B:50.02 /50.00 @:57 B@:11,X:10.40 Y:20.00 Z:2.00 E:0.00 Count X:832 Y:6794 Z:112,echo:E0 Flow: 100%,FR:100%
imagens_stream/image_2024-03-08_19-36-16-425.jpg,T:200.01 /200.00 B:50.00 /50.00 @:57 B@:13,X:10.40 Y:20.00 Z:2.00 E:0.00 Count X:832 Y:6794 Z:112,echo:E0 Flow: 100%,FR:100%
imagens_stream/image_2024-03-08_19-36-16-964.jpg,T:200.01 /200.00 B:50.00 /50.00 @:57 B@:13,X:10.40 Y:20.00 Z:2.00 E:0.00 Count X:832 Y:6794 Z:112,echo:E0 Flow: 100%,FR:100%
imagens_stream/image_2024-03-08_19-36-17-483.jpg,T:199.99 /200.00 B:50.01 /50.00 @:57 B@:12,X:10.40 Y:20.00 Z:2.00 E:0.00 Count X:832 Y:6794 Z:112,echo:E0 Flow: 100%,FR:100%
imagens_stream/image_2024-03-08_19-36-18-009.jpg,T:199.99 /200.00 B:50.01 /50.00 @:57 B@:12,X:10.40 Y:20.00 Z:2.00 E:0.00 Count X:832 Y:6794 Z:112,echo:E0 Flow: 100%,FR:100%
imagens_stream/image_2024-03-08_19-36-18-546.jpg,T:199.99 /200.00 B:50.01 /50.00 @:57 B@:12,X:10.40 Y:20.00 Z:2.00 E:0.00 Count X:832 Y:6794 Z:112,echo:E0 Flow: 100%,FR:100%
imagens_stream/image_2024-03-08_19-36-19-048.jpg,T:199.99 /200.00 B:50.01 /50.00 @:57 B@:12,X:10.40 Y:20.00 Z:2.00 E:0.00 Count X:832 Y:6794 Z:112,echo:E0 Flow: 100%,FR:100%
imagens_stream/image_2024-03-08_19-36-19-588.jpg,T:200.00 /200.00 B:50.00 /50.00 @:57 B@:14,X:10.40 Y:20.00 Z:2.00 E:0.00 Count X:832 Y:6794 Z:112,echo:E0 Flow: 100%,FR:100%
imagens_stream/image_2024-03-08_19-36-20-090.jpg,T:199.99 /200.00 B:50.00 /50.00 @:57 B@:13,X:10.40 Y:20.00 Z:2.00 E:0.00 Count X:832 Y:6794 Z:112,echo:E0 Flow: 100%,FR:100%
imagens_stream/image_2024-03-08_19-36-20-629.jpg,T:199.99 /200.00 B:50.00 /50.00 @:57 B@:13,X:10.40 Y:20.00 Z:2.00 E:0.00 Count X:832 Y:6794 Z:112,echo:E0 Flow: 100%,FR:100%
imagens_stream/image_2024-03-08_19-36-21-130.jpg,T:199.99 /200.00 B:50.01 /50.00 @:57 B@:12,X:10.40 Y:20.00 Z:2.00 E:0.00 Count X:832 Y:6794 Z:112,echo:E0 Flow: 100%,FR:100%
imagens_stream/image_2024-03-08_19-36-21-672.jpg,T:199.99 /200.00 B:50.01 /50.00 @:57 B@:12,X:10.40 Y:20.00 Z:2.00 E:0.00 Count X:832 Y:6794 Z:112,echo:E0 Flow: 100%,FR:100%
imagens_stream/image_2024-03-08_19-36-22-213.jpg,T:199.99 /200.00 B:50.01 /50.00 @:57 B@:11,X:10.40 Y:20.00 Z:2.00 E:0.00 Count X:832 Y:6794 Z:112,echo:E0 Flow: 100%,FR:100%
imagens_stream/image_2024-03-08_19-36-22-753.jpg,T:199.99 /200.00 B:50.01 /50.00 @:57 B@:11,X:10.40 Y:20.00 Z:2.00 E:0.00 Count X:832 Y:6794 Z:112,echo:E0 Flow: 100%,FR:100%
imagens_stream/image_2024-03-08_19-36-23-253.jpg,T:200.00 /200.00 B:50.01 /50.00 @:57 B@:11,X:10.40 Y:20.00 Z:2.00 E:0.00 Count X:832 Y:6794 Z:112,echo:E0 Flow: 100%,FR:100%
imagens_stream/image_2024-03-08_19-36-23-795.jpg,T:200.00 /200.00 B:50.01 /50.00 @:57 B@:11,X:10.40 Y:20.00 Z:2.00 E:0.00 Count X:832 Y:6794 Z:112,echo:E0 Flow: 100%,FR:100%
imagens_stream/image_2024-03-08_19-36-24-296.jpg,T:200.00 /200.00 B:50.00 /50.00 @:57 B@:13,X:10.40 Y:20.00 Z:2.00 E:0.00 Count X:832 Y:6794 Z:112,echo:E0 Flow: 100%,FR:100%
imagens_stream/image_2024-03-08_19-36-24-836.jpg,T:200.00 /200.00 B:50.00 /50.00 @:57 B@:13,X:10.40 Y:20.00 Z:2.00 E:0.00 Count X:832 Y:6794 Z:112,echo:E0 Flow: 100%,FR:100%
imagens_stream/image_2024-03-08_19-36-25-337.jpg,T:199.99 /200.00 B:50.00 /50.00 @:57 B@:13,X:10.40 Y:20.00 Z:2.00 E:0.00 Count X:832 Y:6794 Z:112,echo:E0 Flow: 100%,FR:100%
imagens_stream/image_2024-03-08_19-36-25-877.jpg,T:199.99 /200.00 B:50.00 /50.00 @:57 B@:13,X:10.40 Y:20.00 Z:2.00 E:0.00 Count X:832 Y:6794 Z:112,echo:E0 Flow: 100%,FR:100%
imagens_stream/image_2024-03-08_19-36-26-379.jpg,T:200.00 /200.00 B:50.00 /50.00 @:57 B@:13,X:10.40 Y:20.00 Z:2.00 E:0.00 Count X:832 Y:6794 Z:112,echo:E0 Flow: 100%,FR:100%
imagens_stream/image_2024-03-08_19-36-26-918.jpg,T:200.00 /200.00 B:50.00 /50.00 @:57 B@:13,X:10.40 Y:20.00 Z:2.00 E:0.00 Count X:832 Y:6794 Z:112,echo:E0 Flow: 100%,FR:100%
imagens_stream/image_2024-03-08_19-36-27-418.jpg,T:199.99 /200.00 B:49.98 /50.00 @:57 B@:14,X:10.40 Y:20.00 Z:2.00 E:0.00 Count X:832 Y:6794 Z:112,echo:E0 Flow: 100%,FR:100%
imagens_stream/image_2024-03-08_19-36-27-964.jpg,T:199.99 /200.00 B:49.98 /50.00 @:57 B@:14,X:10.40 Y:20.00 Z:2.00 E:0.00 Count X:832 Y:6794 Z:112,echo:E0 Flow: 100%,FR:100%
imagens_stream/image_2024-03-08_19-36-28-503.jpg,T:199.99 /200.00 B:50.01 /50.00 @:57 B@:11,X:10.40 Y:20.00 Z:2.00 E:0.00 Count X:832 Y:6794 Z:112,echo:E0 Flow: 100%,FR:100%
imagens_stream/image_2024-03-08_19-36-29-045.jpg,T:199.99 /200.00 B:50.01 /50.00 @:57 B@:11,X:10.40 Y:20.00 Z:2.00 E:0.00 Count X:832 Y:6794 Z:112,echo:E0 Flow: 100%,FR:100%
imagens_stream/image_2024-03-08_19-36-29-584.jpg,T:200.00 /200.00 B:49.97 /50.00 @:57 B@:16,X:10.40 Y:20.00 Z:2.00 E:0.00 Count X:832 Y:6794 Z:112,echo:E0 Flow: 100%,FR:100%
imagens_stream/image_2024-03-08_19-36-30-086.jpg,T:200.00 /200.00 B:49.94 /50.00 @:57 B@:19,X:10.40 Y:20.00 Z:2.00 E:0.00 Count X:832 Y:6794 Z:112,echo:E0 Flow: 100%,FR:100%
imagens_stream/image_2024-03-08_19-36-30-628.jpg,T:200.00 /200.00 B:49.94 /50.00 @:57 B@:19,X:10.40 Y:20.00 Z:2.00 E:0.00 Count X:832 Y:6794 Z:112,echo:E0 Flow: 100%,FR:100%
imagens_stream/image_2024-03-08_19-36-31-166.jpg,T:200.00 /200.00 B:49.98 /50.00 @:57 B@:15,X:10.40 Y:20.00 Z:2.00 E:0.00 Count X:832 Y:6794 Z:112,echo:E0 Flow: 100%,FR:100%
imagens_stream/image_2024-03-08_19-36-31-667.jpg,T:200.00 /200.00 B:49.98 /50.00 @:57 B@:15,X:10.40 Y:20.00 Z:2.00 E:0.00 Count X:832 Y:6794 Z:112,echo:E0 Flow: 100%,FR:100%
imagens_stream/image_2024-03-08_19-36-32-170.jpg,T:200.00 /200.00 B:50.00 /50.00 @:57 B@:12,X:10.40 Y:20.00 Z:2.00 E:0.00 Count X:832 Y:6794 Z:112,echo:E0 Flow: 100%,FR:100%
imagens_stream/image_2024-03-08_19-36-32-708.jpg,T:200.00 /200.00 B:50.00 /50.00 @:57 B@:12,X:10.40 Y:20.00 Z:2.00 E:0.00 Count X:832 Y:6794 Z:112,echo:E0 Flow: 100%,FR:100%
imagens_stream/image_2024-03-08_19-36-33-211.jpg,T:200.00 /200.00 B:49.96 /50.00 @:57 B@:17,X:10.40 Y:20.00 Z:2.00 E:0.00 Count X:832 Y:6794 Z:112,echo:E0 Flow: 100%,FR:100%
imagens_stream/image_2024-03-08_19-36-33-750.jpg,T:200.00 /200.00 B:49.96 /50.00 @:57 B@:17,X:10.40 Y:20.00 Z:2.00 E:0.00 Count X:832 Y:6794 Z:112,echo:E0 Flow: 100%,FR:100%
imagens_stream/image_2024-03-08_19-36-34-251.jpg,T:200.00 /200.00 B:49.95 /50.00 @:57 B@:17,X:10.40 Y:20.00 Z:2.00 E:0.00 Count X:832 Y:6794 Z:112,echo:E0 Flow: 100%,FR:100%
imagens_stream/image_2024-03-08_19-36-34-751.jpg,T:200.00 /200.00 B:49.95 /50.00 @:57 B@:17,X:10.40 Y:20.00 Z:2.00 E:0.00 Count X:832 Y:6794 Z:112,echo:E0 Flow: 100%,FR:100%
imagens_stream/image_2024-03-08_19-36-35-292.jpg,T:200.00 /200.00 B:49.96 /50.00 @:57 B@:17,X:10.40 Y:20.00 Z:2.00 E:0.00 Count X:832 Y:6794 Z:112,echo:E0 Flow: 100%,FR:100%
imagens_stream/image_2024-03-08_19-36-35-792.jpg,T:200.00 /200.00 B:49.96 /50.00 @:57 B@:17,X:10.40 Y:20.00 Z:2.00 E:0.00 Count X:832 Y:6794 Z:112,echo:E0 Flow: 100%,FR:100%
imagens_stream/image_2024-03-08_19-36-36-342.jpg,T:199.99 /200.00 B:49.96 /50.00 @:57 B@:17,X:10.40 Y:20.00 Z:2.00 E:0.00 Count X:832 Y:6794 Z:112,echo:E0 Flow: 100%,FR:100%
imagens_stream/image_2024-03-08_19-36-36-874.jpg,T:199.99 /200.00 B:49.96 /50.00 @:57 B@:17,X:10.40 Y:20.00 Z:2.00 E:0.00 Count X:832 Y:6794 Z:112,echo:E0 Flow: 100%,FR:100%
imagens_stream/image_2024-03-08_19-36-37-417.jpg,T:199.99 /200.00 B:49.95 /50.00 @:57 B@:19,X:10.40 Y:20.00 Z:2.00 E:0.00 Count X:832 Y:6794 Z:112,echo:E0 Flow: 100%,FR:100%
imagens_stream/image_2024-03-08_19-36-37-957.jpg,T:199.99 /200.00 B:49.95 /50.00 @:57 B@:19,X:10.40 Y:20.00 Z:2.00 E:0.00 Count X:832 Y:6794 Z:112,echo:E0 Flow: 100%,FR:100%
imagens_stream/image_2024-03-08_19-36-38-458.jpg,T:199.99 /200.00 B:49.96 /50.00 @:57 B@:18,X:10.40 Y:20.00 Z:2.00 E:0.00 Count X:832 Y:6794 Z:112,echo:E0 Flow: 100%,FR:100%
imagens_stream/image_2024-03-08_19-36-38-999.jpg,T:199.99 /200.00 B:49.96 /50.00 @:57 B@:18,X:10.40 Y:20.00 Z:2.00 E:0.00 Count X:832 Y:6794 Z:112,echo:E0 Flow: 100%,FR:100%
imagens_stream/image_2024-03-08_19-36-39-501.jpg,T:200.00 /200.00 B:49.97 /50.00 @:57 B@:17,X:10.40 Y:20.00 Z:2.00 E:0.00 Count X:832 Y:6794 Z:112,echo:E0 Flow: 100%,FR:100%
imagens_stream/image_2024-03-08_19-36-40-010.jpg,T:200.00 /200.00 B:49.97 /50.00 @:57 B@:17,X:10.40 Y:20.00 Z:2.00 E:0.00 Count X:832 Y:6794 Z:112,echo:E0 Flow: 100%,FR:100%
imagens_stream/image_2024-03-08_19-36-40-563.jpg,T:199.99 /200.00 B:50.00 /50.00 @:57 B@:14,X:10.40 Y:20.00 Z:2.00 E:0.00 Count X:832 Y:6794 Z:112,echo:E0 Flow: 100%,FR:100%
imagens_stream/image_2024-03-08_19-36-41-082.jpg,T:199.98 /200.00 B:49.98 /50.00 @:57 B@:16,X:10.40 Y:20.00 Z:2.00 E:0.00 Count X:832 Y:6794 Z:112,echo:E0 Flow: 100%,FR:100%
imagens_stream/image_2024-03-08_19-36-41-622.jpg,T:199.98 /200.00 B:49.98 /50.00 @:57 B@:16,X:10.40 Y:20.00 Z:2.00 E:0.00 Count X:832 Y:6794 Z:112,echo:E0 Flow: 100%,FR:100%
imagens_stream/image_2024-03-08_19-36-42-162.jpg,T:199.98 /200.00 B:49.98 /50.00 @:57 B@:17,X:10.40 Y:20.00 Z:2.00 E:0.00 Count X:832 Y:6794 Z:112,echo:E0 Flow: 100%,FR:100%
imagens_stream/image_2024-03-08_19-36-42-665.jpg,T:199.98 /200.00 B:49.98 /50.00 @:57 B@:17,X:10.40 Y:20.00 Z:2.00 E:0.00 Count X:832 Y:6794 Z:112,echo:E0 Flow: 100%,FR:100%
imagens_stream/image_2024-03-08_19-36-43-204.jpg,T:199.91 /200.00 B:49.98 /50.00 @:58 B@:17,X:10.40 Y:20.00 Z:2.00 E:0.00 Count X:832 Y:6794 Z:112,echo:E0 Flow: 100%,FR:100%
imagens_stream/image_2024-03-08_19-36-43-706.jpg,T:199.91 /200.00 B:49.98 /50.00 @:58 B@:17,X:10.40 Y:20.00 Z:2.00 E:0.00 Count X:832 Y:6794 Z:112,echo:E0 Flow: 100%,FR:100%
imagens_stream/image_2024-03-08_19-36-44-222.jpg,T:199.91 /200.00 B:50.01 /50.00 @:58 B@:14,X:10.40 Y:20.00 Z:2.00 E:0.00 Count X:832 Y:6794 Z:112,echo:E0 Flow: 100%,FR:100%
imagens_stream/image_2024-03-08_19-36-44-770.jpg,T:199.91 /200.00 B:50.01 /50.00 @:58 B@:14,X:10.40 Y:20.00 Z:2.00 E:0.00 Count X:832 Y:6794 Z:112,echo:E0 Flow: 100%,FR:100%
imagens_stream/image_2024-03-08_19-36-45-297.jpg,T:199.89 /200.00 B:50.02 /50.00 @:58 B@:13,X:10.40 Y:20.00 Z:2.00 E:0.00 Count X:832 Y:6794 Z:112,echo:E0 Flow: 100%,FR:100%
imagens_stream/image_2024-03-08_19-36-45-836.jpg,T:199.89 /200.00 B:50.02 /50.00 @:58 B@:13,X:10.40 Y:20.00 Z:2.00 E:0.00 Count X:832 Y:6794 Z:112,echo:E0 Flow: 100%,FR:100%
imagens_stream/image_2024-03-08_19-36-46-371.jpg,T:199.89 /200.00 B:50.01 /50.00 @:58 B@:14,X:10.40 Y:20.00 Z:2.00 E:0.00 Count X:832 Y:6794 Z:112,echo:E0 Flow: 100%,FR:100%
imagens_stream/image_2024-03-08_19-36-46-912.jpg,T:199.89 /200.00 B:50.01 /50.00 @:58 B@:14,X:10.40 Y:20.00 Z:2.00 E:0.00 Count X:832 Y:6794 Z:112,echo:E0 Flow: 100%,FR:100%
imagens_stream/image_2024-03-08_19-36-47-454.jpg,T:199.89 /200.00 B:50.01 /50.00 @:58 B@:14,X:10.40 Y:20.00 Z:2.00 E:0.00 Count X:832 Y:6794 Z:112,echo:E0 Flow: 100%,FR:100%
imagens_stream/image_2024-03-08_19-36-47-993.jpg,T:199.89 /200.00 B:50.01 /50.00 @:58 B@:14,X:10.40 Y:20.00 Z:2.00 E:0.00 Count X:832 Y:6794 Z:112,echo:E0 Flow: 100%,FR:100%
imagens_stream/image_2024-03-08_19-36-48-495.jpg,T:199.89 /200.00 B:50.02 /50.00 @:58 B@:14,X:10.40 Y:20.00 Z:2.00 E:0.00 Count X:832 Y:6794 Z:112,echo:E0 Flow: 100%,FR:100%
imagens_stream/image_2024-03-08_19-36-49-035.jpg,T:199.89 /200.00 B:50.02 /50.00 @:58 B@:14,X:10.40 Y:20.00 Z:2.00 E:0.00 Count X:832 Y:6794 Z:112,echo:E0 Flow: 100%,FR:100%
imagens_stream/image_2024-03-08_19-36-49-536.jpg,T:199.89 /200.00 B:50.02 /50.00 @:58 B@:14,X:10.40 Y:20.00 Z:2.00 E:0.00 Count X:832 Y:6794 Z:112,echo:E0 Flow: 100%,FR:100%
imagens_stream/image_2024-03-08_19-36-50-059.jpg,T:199.89 /200.00 B:50.02 /50.00 @:58 B@:14,X:10.40 Y:20.00 Z:2.00 E:0.00 Count X:832 Y:6794 Z:112,echo:E0 Flow: 100%,FR:100%
imagens_stream/image_2024-03-08_19-36-50-579.jpg,T:199.91 /200.00 B:50.02 /50.00 @:58 B@:14,X:10.40 Y:20.00 Z:2.00 E:0.00 Count X:832 Y:6794 Z:112,echo:E0 Flow: 100%,FR:100%
imagens_stream/image_2024-03-08_19-36-51-118.jpg,T:199.90 /200.00 B:50.02 /50.00 @:58 B@:14,X:10.40 Y:20.00 Z:2.00 E:0.00 Count X:832 Y:6794 Z:112,echo:E0 Flow: 100%,FR:100%
imagens_stream/image_2024-03-08_19-36-51-663.jpg,T:199.90 /200.00 B:50.02 /50.00 @:58 B@:14,X:10.40 Y:20.00 Z:2.00 E:0.00 Count X:832 Y:6794 Z:112,echo:E0 Flow: 100%,FR:100%
imagens_stream/image_2024-03-08_19-36-52-168.jpg,T:199.91 /200.00 B:50.02 /50.00 @:58 B@:14,X:10.40 Y:20.00 Z:2.00 E:0.00 Count X:832 Y:6794 Z:112,echo:E0 Flow: 100%,FR:100%
imagens_stream/image_2024-03-08_19-36-52-703.jpg,T:199.91 /200.00 B:50.02 /50.00 @:58 B@:14,X:10.40 Y:20.00 Z:2.00 E:0.00 Count X:832 Y:6794 Z:112,echo:E0 Flow: 100%,FR:100%
imagens_stream/image_2024-03-08_19-36-53-242.jpg,T:199.91 /200.00 B:50.00 /50.00 @:58 B@:17,X:10.40 Y:20.00 Z:2.00 E:0.00 Count X:832 Y:6794 Z:112,echo:E0 Flow: 100%,FR:100%
imagens_stream/image_2024-03-08_19-36-53-743.jpg,T:199.91 /200.00 B:50.00 /50.00 @:58 B@:17,X:10.40 Y:20.00 Z:2.00 E:0.00 Count X:832 Y:6794 Z:112,echo:E0 Flow: 100%,FR:100%
imagens_stream/image_2024-03-08_19-36-54-284.jpg,T:199.90 /200.00 B:50.04 /50.00 @:58 B@:11,X:10.40 Y:20.00 Z:2.00 E:0.00 Count X:832 Y:6794 Z:112,echo:E0 Flow: 100%,FR:100%
imagens_stream/image_2024-03-08_19-36-54-824.jpg,T:199.90 /200.00 B:50.04 /50.00 @:58 B@:11,X:10.40 Y:20.00 Z:2.00 E:0.00 Count X:832 Y:6794 Z:112,echo:E0 Flow: 100%,FR:100%
imagens_stream/image_2024-03-08_19-36-55-326.jpg,T:199.91 /200.00 B:50.02 /50.00 @:58 B@:13,X:10.40 Y:20.00 Z:2.00 E:0.00 Count X:832 Y:6794 Z:112,echo:E0 Flow: 100%,FR:100%
imagens_stream/image_2024-03-08_19-36-55-870.jpg,T:199.91 /200.00 B:50.02 /50.00 @:58 B@:13,X:10.40 Y:20.00 Z:2.00 E:0.00 Count X:832 Y:6794 Z:112,echo:E0 Flow: 100%,FR:100%
imagens_stream/image_2024-03-08_19-36-56-413.jpg,T:199.91 /200.00 B:50.01 /50.00 @:58 B@:14,X:10.40 Y:20.00 Z:2.00 E:0.00 Count X:832 Y:6794 Z:112,echo:E0 Flow: 100%,FR:100%
imagens_stream/image_2024-03-08_19-36-56-951.jpg,T:199.91 /200.00 B:50.01 /50.00 @:58 B@:14,X:10.40 Y:20.00 Z:2.00 E:0.00 Count X:832 Y:6794 Z:112,echo:E0 Flow: 100%,FR:100%
imagens_stream/image_2024-03-08_19-36-57-491.jpg,T:199.89 /200.00 B:50.00 /50.00 @:58 B@:15,X:10.40 Y:20.00 Z:2.00 E:0.00 Count X:832 Y:6794 Z:112,echo:E0 Flow: 100%,FR:100%
imagens_stream/image_2024-03-08_19-36-58-035.jpg,T:199.89 /200.00 B:50.00 /50.00 @:58 B@:15,X:10.40 Y:20.00 Z:2.00 E:0.00 Count X:832 Y:6794 Z:112,echo:E0 Flow: 100%,FR:100%
imagens_stream/image_2024-03-08_19-36-58-574.jpg,T:199.91 /200.00 B:50.01 /50.00 @:58 B@:14,X:10.40 Y:20.00 Z:2.00 E:0.00 Count X:832 Y:6794 Z:112,echo:E0 Flow: 100%,FR:100%
imagens_stream/image_2024-03-08_19-36-59-114.jpg,T:199.92 /200.00 B:50.01 /50.00 @:58 B@:14,X:10.40 Y:20.00 Z:2.00 E:0.00 Count X:832 Y:6794 Z:112,echo:E0 Flow: 100%,FR:100%
imagens_stream/image_2024-03-08_19-36-59-616.jpg,T:199.92 /200.00 B:50.01 /50.00 @:58 B@:14,X:10.40 Y:20.00 Z:2.00 E:0.00 Count X:832 Y:6794 Z:112,echo:E0 Flow: 100%,FR:100%
imagens_stream/image_2024-03-08_19-37-00-158.jpg,T:199.94 /200.00 B:50.02 /50.00 @:58 B@:13,X:10.40 Y:20.00 Z:2.00 E:0.00 Count X:832 Y:6794 Z:112,echo:E0 Flow: 100%,FR:100%
imagens_stream/image_2024-03-08_19-37-00-698.jpg,T:199.94 /200.00 B:50.02 /50.00 @:58 B@:13,X:10.40 Y:20.00 Z:2.00 E:0.00 Count X:832 Y:6794 Z:112,echo:E0 Flow: 100%,FR:100%
imagens_stream/image_2024-03-08_19-37-01-199.jpg,T:199.99 /200.00 B:50.00 /50.00 @:57 B@:15,X:10.40 Y:20.00 Z:2.00 E:0.00 Count X:832 Y:6794 Z:112,echo:E0 Flow: 100%,FR:100%
imagens_stream/image_2024-03-08_19-37-01-761.jpg,T:199.99 /200.00 B:50.00 /50.00 @:57 B@:15,X:10.40 Y:20.00 Z:2.00 E:0.00 Count X:832 Y:6794 Z:112,echo:E0 Flow: 100%,FR:100%
imagens_stream/image_2024-03-08_19-37-02-282.jpg,T:199.99 /200.00 B:50.02 /50.00 @:57 B@:13,X:10.40 Y:20.00 Z:2.00 E:0.00 Count X:832 Y:6794 Z:112,echo:E0 Flow: 100%,FR:100%
imagens_stream/image_2024-03-08_19-37-02-821.jpg,T:199.99 /200.00 B:50.02 /50.00 @:57 B@:13,X:10.40 Y:20.00 Z:2.00 E:0.00 Count X:832 Y:6794 Z:112,echo:E0 Flow: 100%,FR:100%
imagens_stream/image_2024-03-08_19-37-03-323.jpg,T:200.00 /200.00 B:50.00 /50.00 @:57 B@:15,X:10.40 Y:20.00 Z:2.00 E:0.00 Count X:832 Y:6794 Z:112,echo:E0 Flow: 100%,FR:100%
imagens_stream/image_2024-03-08_19-37-03-867.jpg,T:200.00 /200.00 B:50.00 /50.00 @:57 B@:15,X:10.40 Y:20.00 Z:2.00 E:0.00 Count X:832 Y:6794 Z:112,echo:E0 Flow: 100%,FR:100%
imagens_stream/image_2024-03-08_19-37-04-404.jpg,T:200.00 /200.00 B:50.00 /50.00 @:57 B@:15,X:10.40 Y:20.00 Z:2.00 E:0.00 Count X:832 Y:6794 Z:112,echo:E0 Flow: 100%,FR:100%
imagens_stream/image_2024-03-08_19-37-04-904.jpg,T:200.00 /200.00 B:50.00 /50.00 @:57 B@:15,X:10.40 Y:20.00 Z:2.00 E:0.00 Count X:832 Y:6794 Z:112,echo:E0 Flow: 100%,FR:100%
imagens_stream/image_2024-03-08_19-37-05-447.jpg,T:200.00 /200.00 B:49.99 /50.00 @:58 B@:15,X:10.40 Y:20.00 Z:2.00 E:0.00 Count X:832 Y:6794 Z:112,echo:E0 Flow: 100%,FR:100%
imagens_stream/image_2024-03-08_19-37-05-950.jpg,T:200.00 /200.00 B:49.99 /50.00 @:58 B@:15,X:10.40 Y:20.00 Z:2.00 E:0.00 Count X:832 Y:6794 Z:112,echo:E0 Flow: 100%,FR:100%
imagens_stream/image_2024-03-08_19-37-06-486.jpg,T:200.00 /200.00 B:50.00 /50.00 @:58 B@:15,X:10.40 Y:20.00 Z:2.00 E:0.00 Count X:832 Y:6794 Z:112,echo:E0 Flow: 100%,FR:100%
imagens_stream/image_2024-03-08_19-37-07-028.jpg,T:200.00 /200.00 B:50.00 /50.00 @:58 B@:15,X:10.40 Y:20.00 Z:2.00 E:0.00 Count X:832 Y:6794 Z:112,echo:E0 Flow: 100%,FR:100%
imagens_stream/image_2024-03-08_19-37-07-529.jpg,T:200.01 /200.00 B:49.99 /50.00 @:57 B@:16,X:10.40 Y:20.00 Z:2.00 E:0.00 Count X:832 Y:6794 Z:112,echo:E0 Flow: 100%,FR:100%
imagens_stream/image_2024-03-08_19-37-08-084.jpg,T:200.00 /200.00 B:49.99 /50.00 @:58 B@:15,X:10.40 Y:20.00 Z:2.00 E:0.00 Count X:832 Y:6794 Z:112,echo:E0 Flow: 100%,FR:100%
imagens_stream/image_2024-03-08_19-37-08-611.jpg,T:200.00 /200.00 B:49.99 /50.00 @:58 B@:15,X:10.40 Y:20.00 Z:2.00 E:0.00 Count X:832 Y:6794 Z:112,echo:E0 Flow: 100%,FR:100%
imagens_stream/image_2024-03-08_19-37-09-113.jpg,T:200.00 /200.00 B:50.00 /50.00 @:58 B@:15,X:10.40 Y:20.00 Z:2.00 E:0.00 Count X:832 Y:6794 Z:112,echo:E0 Flow: 100%,FR:100%
imagens_stream/image_2024-03-08_19-37-09-615.jpg,T:200.00 /200.00 B:50.00 /50.00 @:58 B@:15,X:10.40 Y:20.00 Z:2.00 E:0.00 Count X:832 Y:6794 Z:112,echo:E0 Flow: 100%,FR:100%
imagens_stream/image_2024-03-08_19-37-10-154.jpg,T:200.00 /200.00 B:49.98 /50.00 @:58 B@:16,X:10.40 Y:20.00 Z:2.00 E:0.00 Count X:832 Y:6794 Z:112,echo:E0 Flow: 100%,FR:100%
imagens_stream/image_2024-03-08_19-37-10-695.jpg,T:200.00 /200.00 B:49.98 /50.00 @:58 B@:16,X:10.40 Y:20.00 Z:2.00 E:0.00 Count X:832 Y:6794 Z:112,echo:E0 Flow: 100%,FR:100%
imagens_stream/image_2024-03-08_19-37-11-236.jpg,T:200.00 /200.00 B:50.01 /50.00 @:58 B@:14,X:10.40 Y:20.00 Z:2.00 E:0.00 Count X:832 Y:6794 Z:112,echo:E0 Flow: 100%,FR:100%
imagens_stream/image_2024-03-08_19-37-11-739.jpg,T:200.00 /200.00 B:50.01 /50.00 @:58 B@:14,X:10.40 Y:20.00 Z:2.00 E:0.00 Count X:832 Y:6794 Z:112,echo:E0 Flow: 100%,FR:100%
imagens_stream/image_2024-03-08_19-37-12-278.jpg,T:200.03 /200.00 B:50.01 /50.00 @:57 B@:14,X:10.40 Y:20.00 Z:2.00 E:0.00 Count X:832 Y:6794 Z:112,echo:E0 Flow: 100%,FR:100%
imagens_stream/image_2024-03-08_19-37-12-817.jpg,T:200.03 /200.00 B:50.01 /50.00 @:57 B@:14,X:10.40 Y:20.00 Z:2.00 E:0.00 Count X:832 Y:6794 Z:112,echo:E0 Flow: 100%,FR:100%
imagens_stream/image_2024-03-08_19-37-13-323.jpg,T:200.05 /200.00 B:50.00 /50.00 @:57 B@:14,X:10.40 Y:20.00 Z:2.00 E:0.00 Count X:832 Y:6794 Z:112,echo:E0 Flow: 100%,FR:100%
imagens_stream/image_2024-03-08_19-37-13-860.jpg,T:200.05 /200.00 B:50.00 /50.00 @:57 B@:14,X:10.40 Y:20.00 Z:2.00 E:0.00 Count X:832 Y:6794 Z:112,echo:E0 Flow: 100%,FR:100%
imagens_stream/image_2024-03-08_19-37-14-408.jpg,T:200.10 /200.00 B:50.00 /50.00 @:57 B@:14,X:10.40 Y:20.00 Z:2.00 E:0.00 Count X:832 Y:6794 Z:112,echo:E0 Flow: 100%,FR:100%
imagens_stream/image_2024-03-08_19-37-14-942.jpg,T:200.10 /200.00 B:50.00 /50.00 @:57 B@:14,X:10.40 Y:20.00 Z:2.00 E:0.00 Count X:832 Y:6794 Z:112,echo:E0 Flow: 100%,FR:100%
imagens_stream/image_2024-03-08_19-37-15-443.jpg,T:200.08 /200.00 B:50.00 /50.00 @:57 B@:14,X:10.40 Y:20.00 Z:2.00 E:0.00 Count X:832 Y:6794 Z:112,echo:E0 Flow: 100%,FR:100%
imagens_stream/image_2024-03-08_19-37-15-983.jpg,T:200.08 /200.00 B:50.00 /50.00 @:57 B@:14,X:10.40 Y:20.00 Z:2.00 E:0.00 Count X:832 Y:6794 Z:112,echo:E0 Flow: 100%,FR:100%
imagens_stream/image_2024-03-08_19-37-16-543.jpg,T:200.12 /200.00 B:50.01 /50.00 @:56 B@:14,X:10.40 Y:20.00 Z:2.00 E:0.00 Count X:832 Y:6794 Z:112,echo:E0 Flow: 100%,FR:100%
imagens_stream/image_2024-03-08_19-37-17-065.jpg,T:200.08 /200.00 B:50.00 /50.00 @:57 B@:15,X:10.40 Y:20.00 Z:2.00 E:0.00 Count X:832 Y:6794 Z:112,echo:E0 Flow: 100%,FR:100%
imagens_stream/image_2024-03-08_19-37-17-607.jpg,T:200.08 /200.00 B:50.00 /50.00 @:57 B@:15,X:10.40 Y:20.00 Z:2.00 E:0.00 Count X:832 Y:6794 Z:112,echo:E0 Flow: 100%,FR:100%
imagens_stream/image_2024-03-08_19-37-18-108.jpg,T:200.10 /200.00 B:50.00 /50.00 @:57 B@:15,X:10.40 Y:20.00 Z:2.00 E:0.00 Count X:832 Y:6794 Z:112,echo:E0 Flow: 100%,FR:100%
imagens_stream/image_2024-03-08_19-37-18-610.jpg,T:200.10 /200.00 B:50.00 /50.00 @:57 B@:15,X:10.40 Y:20.00 Z:2.00 E:0.00 Count X:832 Y:6794 Z:112,echo:E0 Flow: 100%,FR:100%
imagens_stream/image_2024-03-08_19-37-19-151.jpg,T:200.03 /200.00 B:50.01 /50.00 @:58 B@:13,X:10.40 Y:20.00 Z:2.00 E:0.00 Count X:832 Y:6794 Z:112,echo:E0 Flow: 100%,FR:100%
imagens_stream/image_2024-03-08_19-37-19-690.jpg,T:200.03 /200.00 B:50.01 /50.00 @:58 B@:13,X:10.40 Y:20.00 Z:2.00 E:0.00 Count X:832 Y:6794 Z:112,echo:E0 Flow: 100%,FR:100%
imagens_stream/image_2024-03-08_19-37-20-191.jpg,T:200.03 /200.00 B:50.01 /50.00 @:58 B@:14,X:10.40 Y:20.00 Z:2.00 E:0.00 Count X:832 Y:6794 Z:112,echo:E0 Flow: 100%,FR:100%
imagens_stream/image_2024-03-08_19-37-20-692.jpg,T:200.03 /200.00 B:50.01 /50.00 @:58 B@:14,X:10.40 Y:20.00 Z:2.00 E:0.00 Count X:832 Y:6794 Z:112,echo:E0 Flow: 100%,FR:100%
imagens_stream/image_2024-03-08_19-37-21-233.jpg,T:200.00 /200.00 B:50.01 /50.00 @:58 B@:14,X:10.40 Y:20.00 Z:2.00 E:0.00 Count X:832 Y:6794 Z:112,echo:E0 Flow: 100%,FR:100%
imagens_stream/image_2024-03-08_19-37-21-775.jpg,T:200.00 /200.00 B:50.01 /50.00 @:58 B@:14,X:10.40 Y:20.00 Z:2.00 E:0.00 Count X:832 Y:6794 Z:112,echo:E0 Flow: 100%,FR:100%
imagens_stream/image_2024-03-08_19-37-22-277.jpg,T:199.99 /200.00 B:50.02 /50.00 @:58 B@:13,X:10.40 Y:20.00 Z:2.00 E:0.00 Count X:832 Y:6794 Z:112,echo:E0 Flow: 100%,FR:100%
imagens_stream/image_2024-03-08_19-37-22-815.jpg,T:199.99 /200.00 B:50.02 /50.00 @:58 B@:13,X:10.40 Y:20.00 Z:2.00 E:0.00 Count X:832 Y:6794 Z:112,echo:E0 Flow: 100%,FR:100%
imagens_stream/image_2024-03-08_19-37-23-355.jpg,T:200.00 /200.00 B:50.00 /50.00 @:58 B@:15,X:10.40 Y:20.00 Z:2.00 E:0.00 Count X:832 Y:6794 Z:112,echo:E0 Flow: 100%,FR:100%
imagens_stream/image_2024-03-08_19-37-23-855.jpg,T:200.00 /200.00 B:50.00 /50.00 @:58 B@:15,X:10.40 Y:20.00 Z:2.00 E:0.00 Count X:832 Y:6794 Z:112,echo:E0 Flow: 100%,FR:100%
imagens_stream/image_2024-03-08_19-37-24-359.jpg,T:200.00 /200.00 B:50.01 /50.00 @:58 B@:13,X:10.40 Y:20.00 Z:2.00 E:0.00 Count X:832 Y:6794 Z:112,echo:E0 Flow: 100%,FR:100%
imagens_stream/image_2024-03-08_19-37-24-861.jpg,T:200.00 /200.00 B:50.01 /50.00 @:58 B@:13,X:10.40 Y:20.00 Z:2.00 E:0.00 Count X:832 Y:6794 Z:112,echo:E0 Flow: 100%,FR:100%
imagens_stream/image_2024-03-08_19-37-25-396.jpg,T:200.01 /200.00 B:50.01 /50.00 @:58 B@:14,X:10.40 Y:20.00 Z:2.00 E:0.00 Count X:832 Y:6794 Z:112,echo:E0 Flow: 100%,FR:100%
imagens_stream/image_2024-03-08_19-37-25-906.jpg,T:200.01 /200.00 B:50.01 /50.00 @:58 B@:14,X:10.40 Y:20.00 Z:2.00 E:0.00 Count X:832 Y:6794 Z:112,echo:E0 Flow: 100%,FR:100%
imagens_stream/image_2024-03-08_19-37-26-437.jpg,T:200.04 /200.00 B:50.04 /50.00 @:57 B@:10,X:10.40 Y:20.00 Z:2.00 E:0.00 Count X:832 Y:6794 Z:112,echo:E0 Flow: 100%,FR:100%
imagens_stream/image_2024-03-08_19-37-26-980.jpg,T:200.04 /200.00 B:50.04 /50.00 @:57 B@:10,X:10.40 Y:20.00 Z:2.00 E:0.00 Count X:832 Y:6794 Z:112,echo:E0 Flow: 100%,FR:100%
imagens_stream/image_2024-03-08_19-37-27-520.jpg,T:200.07 /200.00 B:50.03 /50.00 @:57 B@:11,X:10.40 Y:20.00 Z:2.00 E:0.00 Count X:832 Y:6794 Z:112,echo:E0 Flow: 100%,FR:100%
imagens_stream/image_2024-03-08_19-37-28-039.jpg,T:200.07 /200.00 B:50.03 /50.00 @:57 B@:11,X:10.40 Y:20.00 Z:2.00 E:0.00 Count X:832 Y:6794 Z:112,echo:E0 Flow: 100%,FR:100%
imagens_stream/image_2024-03-08_19-37-28-567.jpg,T:200.02 /200.00 B:50.02 /50.00 @:57 B@:12,X:10.40 Y:20.00 Z:2.00 E:0.00 Count X:832 Y:6794 Z:112,echo:E0 Flow: 100%,FR:100%
imagens_stream/image_2024-03-08_19-37-29-107.jpg,T:200.04 /200.00 B:50.01 /50.00 @:57 B@:13,X:10.40 Y:20.00 Z:2.00 E:0.00 Count X:832 Y:6794 Z:112,echo:E0 Flow: 100%,FR:100%
imagens_stream/image_2024-03-08_19-37-29-646.jpg,T:200.04 /200.00 B:50.01 /50.00 @:57 B@:13,X:10.40 Y:20.00 Z:2.00 E:0.00 Count X:832 Y:6794 Z:112,echo:E0 Flow: 100%,FR:100%
imagens_stream/image_2024-03-08_19-37-30-146.jpg,T:200.07 /200.00 B:50.02 /50.00 @:57 B@:12,X:10.40 Y:20.00 Z:2.00 E:0.00 Count X:832 Y:6794 Z:112,echo:E0 Flow: 100%,FR:100%
imagens_stream/image_2024-03-08_19-37-30-656.jpg,T:200.07 /200.00 B:50.02 /50.00 @:57 B@:12,X:10.40 Y:20.00 Z:2.00 E:0.00 Count X:832 Y:6794 Z:112,echo:E0 Flow: 100%,FR:100%
imagens_stream/image_2024-03-08_19-37-31-185.jpg,T:200.05 /200.00 B:50.02 /50.00 @:57 B@:12,X:10.40 Y:20.00 Z:2.00 E:0.00 Count X:832 Y:6794 Z:112,echo:E0 Flow: 100%,FR:100%
imagens_stream/image_2024-03-08_19-37-31-686.jpg,T:200.05 /200.00 B:50.02 /50.00 @:57 B@:12,X:10.40 Y:20.00 Z:2.00 E:0.00 Count X:832 Y:6794 Z:112,echo:E0 Flow: 100%,FR:100%
imagens_stream/image_2024-03-08_19-37-32-187.jpg,T:200.08 /200.00 B:50.02 /50.00 @:57 B@:11,X:10.40 Y:20.00 Z:2.00 E:0.00 Count X:832 Y:6794 Z:112,echo:E0 Flow: 100%,FR:100%
imagens_stream/image_2024-03-08_19-37-32-687.jpg,T:200.08 /200.00 B:50.02 /50.00 @:57 B@:11,X:10.40 Y:20.00 Z:2.00 E:0.00 Count X:832 Y:6794 Z:112,echo:E0 Flow: 100%,FR:100%
